编号,精灵名,蛋种(产蛋形态),蛋组,最小蛋重(kg),最大蛋重(kg),最小蛋高(m),最大蛋高(m),主属性,副属性,属性,进化阶段,精灵形态,地区形态名称,精灵最小身高(m),精灵最大身高(m),精灵最小体重(kg),精灵最大体重(kg),BWiki页面标题,BWiki修订时间,BWiki抓取状态
NO.002,喵喵,喵喵,动物组、拟人组,1.267,1.84,0.23,0.31,草,,草,Ⅰ阶,原始形态,,0.53,0.75,3.62,4.6,喵喵,2026-06-07T04:54:06Z,ok
NO.003,喵呜,喵喵,动物组、拟人组,1.267,1.84,0.23,0.31,草,,草,Ⅱ阶,原始形态,,0.65,0.92,14.2,15.6,喵呜,2026-06-07T13:25:53Z,ok
NO.004,魔力猫,喵喵,动物组、拟人组,1.267,1.84,0.23,0.31,草,,草,最终形态,原始形态,,1.5,2.15,105,125,魔力猫,2026-06-07T14:35:47Z,ok
NO.005,火花,火花,巨灵组、魔力组,2.66,3.4,0.23,0.29,火,,火,Ⅰ阶,原始形态,,0.53,0.71,7.6,8.5,火花,2026-06-07T14:02:42Z,ok
NO.006,焰火,火花,巨灵组、魔力组,2.66,3.4,0.23,0.29,火,,火,Ⅱ阶,原始形态,,0.82,1.1,21,30.7,焰火,2026-06-07T14:04:06Z,ok
NO.007,火神,火花,巨灵组、魔力组,2.66,3.4,0.23,0.29,火,,火,最终形态,原始形态,,1.52,2.18,90.5,110,火神,2026-06-07T14:02:08Z,ok
NO.008,水蓝蓝,水蓝蓝,魔力组,0.998,1.36,0.19,0.27,水,,水,Ⅰ阶,原始形态,,0.45,0.65,2.85,4.205,水蓝蓝,2026-06-07T14:00:06Z,ok
NO.009,波波拉,水蓝蓝,魔力组,0.998,1.36,0.19,0.27,水,,水,Ⅱ阶,原始形态,,0.72,1.03,29.5,34,波波拉,2026-06-07T14:00:19Z,ok
NO.010,水灵,水蓝蓝,魔力组,0.998,1.36,0.19,0.27,水,,水,最终形态,原始形态,,1.08,1.54,77,85.5,水灵,2026-06-07T14:00:03Z,ok
NO.011,鸭吉吉（蓬松的样子）,鸭吉吉（蓬松的样子）,天空组,5.11,7.04,0.28,0.39,普通,,普通,最终形态,原始形态,蓬松的样子,0.65,0.94,14.6,17.6,鸭吉吉（蓬松的样子）,2026-06-07T14:36:58Z,ok
NO.011,鸭吉吉（紧实的样子）,鸭吉吉（紧实的样子）,天空组,1.96,3.28,0.28,0.39,普通,,普通,最终形态,原始形态,紧实的样子,0.65,0.94,5.6,8.2,鸭吉吉（紧实的样子）,2026-06-07T14:36:57Z,ok
NO.011,鸭吉吉（等一等鸭）,鸭吉吉（等一等鸭）,天空组,5.53,7.68,0.28,0.39,普通,,普通,最终形态,原始形态,等一等鸭,0.65,0.94,15.8,19.2,鸭吉吉（等一等鸭）,2026-06-07T14:36:28Z,ok
NO.011,鸭吉吉（起来鸭）,鸭吉吉（起来鸭）,天空组,5.53,7.68,0.28,0.39,普通,,普通,最终形态,原始形态,起来鸭,0.65,0.94,15.8,19.2,鸭吉吉（起来鸭）,2026-06-07T14:37:07Z,ok
NO.011,鸭吉吉（燃了鸭）,鸭吉吉（燃了鸭）,天空组,5.331,7.28,0.29,0.41,普通,,普通,最终形态,原始形态,燃了鸭,0.69,0.98,14.3,18.2,鸭吉吉（燃了鸭）,2026-06-07T14:36:22Z,ok
NO.012,板板壳（本来的样子）,板板壳（本来的样子）,两栖组,2.625,4.2,0.23,0.32,水,,水,Ⅰ阶,原始形态,本来的样子,0.53,0.76,7.5,10.5,板板壳（本来的样子）,2026-06-07T16:26:17Z,ok
NO.012,板板壳（蜕皮时的样子）,板板壳（本来的样子）,两栖组,2.625,4.2,0.23,0.32,水,,水,Ⅰ阶,地区形态,蜕皮时的样子,0.53,0.76,6.8,9.5,板板壳（蜕皮时的样子）,2026-06-07T13:56:43Z,ok
NO.013,咔咔壳（本来的样子）,板板壳（本来的样子）,两栖组,2.625,4.2,0.23,0.32,水,,水,Ⅱ阶,原始形态,本来的样子,0.65,0.92,19.5,24.5,咔咔壳（本来的样子）,2026-06-07T16:32:39Z,ok
NO.013,咔咔壳（蜕皮时的样子）,板板壳（本来的样子）,两栖组,2.625,4.2,0.23,0.32,水,,水,Ⅱ阶,地区形态,蜕皮时的样子,0.65,0.92,17.5,22.5,咔咔壳（蜕皮时的样子）,2026-06-07T13:24:47Z,ok
NO.014,水泡壳（本来的样子）,板板壳（本来的样子）,两栖组,2.625,4.2,0.23,0.32,水,,水,最终形态,原始形态,本来的样子,1.23,1.75,83.5,94.5,水泡壳（本来的样子）,2026-06-07T16:24:16Z,ok
NO.014,水泡壳（蜕皮时的样子）,板板壳（本来的样子）,两栖组,2.625,4.2,0.23,0.32,水,,水,最终形态,地区形态,蜕皮时的样子,1.23,1.75,79.5,90.5,水泡壳（蜕皮时的样子）,2026-06-07T13:59:55Z,ok
NO.015,锥尾羊,锥尾羊,动物组,4.655,6.6,0.24,0.34,幽,,幽,Ⅰ阶,原始形态,,0.57,0.81,13.3,16.5,锥尾羊,2026-06-07T14:32:33Z,ok
NO.016,铃兰羊,锥尾羊,动物组,4.655,6.6,0.24,0.34,幽,,幽,Ⅱ阶,原始形态,,0.7,1.01,29,36,铃兰羊,2026-06-07T14:32:01Z,ok
NO.017,花影羚羊,锥尾羊,动物组,4.655,6.6,0.24,0.34,幽,恶,幽、恶,最终形态,原始形态,,1.42,1.92,76.9,98,花影羚羊,2026-06-07T03:25:57Z,ok
NO.018,雪绒鸟（本来的样子）,雪绒鸟（本来的样子）,天空组,0.97,1.8,0.16,0.21,翼,,翼,Ⅰ阶,原始形态,本来的样子,0.38,0.51,2.77,4.5,雪绒鸟（本来的样子）,2026-06-07T16:21:08Z,ok
NO.018,雪绒鸟（春天的样子）,雪绒鸟（春天的样子）,天空组,0.97,1.8,0.16,0.21,翼,,翼,Ⅰ阶,地区形态,春天的样子,0.38,0.51,2.77,4.5,雪绒鸟（春天的样子）,2026-06-07T14:33:57Z,ok
NO.018,雪绒鸟（夏天的样子）,雪绒鸟（夏天的样子）,天空组,0.97,1.8,0.16,0.21,翼,,翼,Ⅰ阶,地区形态,夏天的样子,0.38,0.51,2.77,4.5,雪绒鸟（夏天的样子）,2026-06-07T14:33:57Z,ok
NO.018,雪绒鸟（秋天的样子）,雪绒鸟（秋天的样子）,天空组,0.97,1.8,0.16,0.21,翼,,翼,Ⅰ阶,地区形态,秋天的样子,0.38,0.51,2.77,4.5,雪绒鸟（秋天的样子）,2026-06-07T14:34:01Z,ok
NO.019,冬羽雀（本来的样子）,雪绒鸟（本来的样子）,天空组,0.97,1.8,0.16,0.21,翼,,翼,Ⅱ阶,原始形态,本来的样子,0.62,0.71,8.92,12.7,冬羽雀（本来的样子）,2026-06-07T16:32:48Z,ok
NO.019,冬羽雀（春天的样子）,雪绒鸟（春天的样子）,天空组,0.97,1.8,0.16,0.21,翼,,翼,Ⅱ阶,地区形态,春天的样子,0.62,0.71,8.92,12.7,冬羽雀（春天的样子）,2026-06-07T13:18:15Z,ok
NO.019,冬羽雀（夏天的样子）,雪绒鸟（夏天的样子）,天空组,0.97,1.8,0.16,0.21,翼,,翼,Ⅱ阶,地区形态,夏天的样子,0.62,0.71,8.92,12.7,冬羽雀（夏天的样子）,2026-06-07T13:17:59Z,ok
NO.019,冬羽雀（秋天的样子）,雪绒鸟（秋天的样子）,天空组,0.97,1.8,0.16,0.21,翼,,翼,Ⅱ阶,地区形态,秋天的样子,0.62,0.71,8.92,12.7,冬羽雀（秋天的样子）,2026-06-07T13:18:30Z,ok
NO.020,岚鸟（本来的样子）,雪绒鸟（本来的样子）,天空组,0.97,1.8,0.16,0.21,翼,,翼,最终形态,原始形态,本来的样子,1.43,2.04,27.08,32.7,岚鸟（本来的样子）,2026-06-07T16:31:15Z,ok
NO.020,岚鸟（春天的样子）,雪绒鸟（春天的样子）,天空组,0.97,1.8,0.16,0.21,翼,,翼,最终形态,地区形态,春天的样子,1.43,2.04,27.08,32.7,岚鸟（春天的样子）,2026-06-07T03:23:29Z,ok
NO.020,岚鸟（夏天的样子）,雪绒鸟（夏天的样子）,天空组,0.97,1.8,0.16,0.21,翼,,翼,最终形态,地区形态,夏天的样子,1.43,2.04,27.08,32.7,岚鸟（夏天的样子）,2026-06-07T03:23:04Z,ok
NO.020,岚鸟（秋天的样子）,雪绒鸟（秋天的样子）,天空组,0.97,1.8,0.16,0.21,翼,,翼,最终形态,地区形态,秋天的样子,1.43,2.04,27.08,32.7,岚鸟（秋天的样子）,2026-06-07T13:37:23Z,ok
NO.021,小灵菇,小灵菇,植物组、魔力组,1.89,2.84,0.18,0.25,幽,,幽,Ⅰ阶,原始形态,,0.43,0.61,5.4,7.1,小灵菇,2026-06-07T13:34:50Z,ok
NO.022,幻灵菇,小灵菇,植物组、魔力组,1.89,2.84,0.18,0.25,幽,草,幽、草,Ⅱ阶,原始形态,,0.64,0.92,13.2,16.5,幻灵菇,2026-06-07T13:39:22Z,ok
NO.023,幻影灵菇,小灵菇,植物组、魔力组,1.89,2.84,0.18,0.25,幽,草,幽、草,最终形态,原始形态,,0.92,1.32,39.4,48.4,幻影灵菇,2026-06-07T13:38:51Z,ok
NO.024,石肤蜥（本来的样子）,石肤蜥（本来的样子）,两栖组、大地组,7.35,13.6,0.21,0.29,地,,地,Ⅰ阶,原始形态,本来的样子,0.49,0.7,21,34,石肤蜥（本来的样子）,2026-06-07T16:24:23Z,ok
NO.024,石肤蜥（球球尾巴的样子）,石肤蜥（本来的样子）,两栖组、大地组,7.35,13.6,0.21,0.29,地,,地,Ⅰ阶,地区形态,球球尾巴的样子,0.49,0.7,19.5,32.5,石肤蜥（球球尾巴的样子）,2026-06-07T14:07:12Z,ok
NO.025,石刺蜥（本来的样子）,石肤蜥（本来的样子）,两栖组、大地组,7.35,13.6,0.21,0.29,地,,地,Ⅱ阶,原始形态,本来的样子,0.67,0.96,59.5,70.5,石刺蜥（本来的样子）,2026-06-07T16:24:38Z,ok
NO.025,石刺蜥（球球尾巴的样子）,石肤蜥（本来的样子）,两栖组、大地组,7.35,13.6,0.21,0.29,地,,地,Ⅱ阶,地区形态,球球尾巴的样子,0.67,0.96,56.5,68.5,石刺蜥（球球尾巴的样子）,2026-06-07T14:06:58Z,ok
NO.026,石冠王蜥（本来的样子）,石肤蜥（本来的样子）,两栖组、大地组,7.35,13.6,0.21,0.29,地,,地,最终形态,原始形态,本来的样子,0.94,1.18,78.5,98.5,石冠王蜥（本来的样子）,2026-06-07T16:24:04Z,ok
NO.026,石冠王蜥（球球尾巴的样子）,石肤蜥（本来的样子）,两栖组、大地组,7.35,13.6,0.21,0.29,地,,地,最终形态,地区形态,球球尾巴的样子,0.94,1.18,76.5,95.5,石冠王蜥（球球尾巴的样子）,2026-06-07T14:06:43Z,ok
NO.027,布是石,布是石,大地组、巨灵组,6.475,13,0.18,0.25,地,,地,Ⅰ阶,原始形态,,0.42,0.6,18.5,32.5,布是石,2026-06-07T13:38:10Z,ok
NO.028,布是岩,布是石,大地组、巨灵组,6.475,13,0.18,0.25,地,,地,Ⅱ阶,原始形态,,0.93,1.34,97.5,115,布是岩,2026-06-07T13:38:04Z,ok
NO.029,布克棱岩,布是石,大地组、巨灵组,6.475,13,0.18,0.25,地,,地,最终形态,原始形态,,1.75,2.5,287,315,布克棱岩,2026-06-07T13:38:01Z,ok
NO.030,恶魔叮,恶魔叮,妖精组,1.26,1.64,0.17,0.23,恶,翼,恶、翼,Ⅰ阶,原始形态,,0.39,0.56,3.6,5.2,恶魔叮,2026-06-07T04:48:32Z,ok
NO.031,叮叮恶魔,恶魔叮,妖精组,1.26,1.64,0.17,0.23,恶,翼,恶、翼,最终形态,原始形态,,0.78,1.12,25,34,叮叮恶魔,2026-06-07T13:23:41Z,ok
NO.032,毛毛,毛毛,昆虫组、软体组,1.05,1.8,0.13,0.19,虫,萌,虫、萌,Ⅰ阶,原始形态,,0.31,0.45,3,4.5,毛毛,2026-06-07T13:59:36Z,ok
NO.033,爬爬,毛毛,昆虫组、软体组,1.05,1.8,0.13,0.19,虫,萌,虫、萌,Ⅱ阶,原始形态,,0.35,0.51,5.5,8.4,爬爬,2026-06-07T14:04:58Z,ok
NO.034,化蝶（平常的样子）,毛毛（平常的样子）,昆虫组、软体组,1.05,1.8,0.13,0.19,虫,萌,虫、萌,最终形态,原始形态,平常的样子,0.76,1.08,15.6,17.8,化蝶（平常的样子）,2026-06-07T13:20:07Z,ok
NO.035,幽影树,幽影树,妖精组、植物组,10.325,15,0.27,0.38,幽,草,幽、草,最终形态,原始形态,,0.64,0.92,29.5,37.5,幽影树,2026-05-31T12:30:11Z,ok
NO.036,小鼠獭,小鼠獭,两栖组、动物组,2.345,3,0.16,0.22,普通,水,普通、水,Ⅰ阶,原始形态,,0.37,0.53,6.7,7.5,小鼠獭,2026-06-07T13:37:07Z,ok
NO.037,燕尾獭,小鼠獭,两栖组、动物组,2.345,3,0.16,0.22,普通,水,普通、水,Ⅱ阶,原始形态,,0.61,0.88,28.6,31.5,燕尾獭,2026-06-07T14:04:50Z,ok
NO.038,卷胡巨獭,小鼠獭,两栖组、动物组,2.345,3,0.16,0.22,普通,水,普通、水,最终形态,原始形态,,0.76,1.08,76.5,90,卷胡巨獭,2026-06-07T13:23:00Z,ok
NO.039,矿晶虫,矿晶虫,大地组、软体组,2.03,2.52,0.23,0.32,光,地,光、地,Ⅰ阶,原始形态,,0.54,0.77,5.8,10.53,矿晶虫,2026-06-07T14:07:22Z,ok
NO.040,晶石蜗（西瓜碧玺的样子）,矿晶虫（西瓜碧玺的样子）,大地组、软体组,2.03,2.52,0.23,0.32,光,地,光、地,最终形态,原始形态,西瓜碧玺的样子,1.03,1.35,59.1,71.05,晶石蜗（西瓜碧玺的样子）,2026-06-07T13:54:49Z,ok
NO.040,晶石蜗（莲花刚玉的样子）,矿晶虫（莲花刚玉的样子）,大地组、软体组,2.03,2.52,0.23,0.32,光,地,光、地,最终形态,地区形态,莲花刚玉的样子,1.03,1.35,59.1,71.05,晶石蜗（莲花刚玉的样子）,2026-06-07T13:54:31Z,ok
NO.040,晶石蜗（星彩榴石的样子）,矿晶虫（星彩榴石的样子）,大地组、软体组,2.03,2.52,0.23,0.32,光,地,光、地,最终形态,地区形态,星彩榴石的样子,1.03,1.35,59.1,71.05,晶石蜗（星彩榴石的样子）,2026-06-07T13:54:24Z,ok
NO.040,晶石蜗（火山琉璃的样子）,矿晶虫（火山琉璃的样子）,大地组、软体组,2.03,2.52,0.23,0.32,光,地,光、地,最终形态,地区形态,火山琉璃的样子,1.03,1.35,59.1,71.05,晶石蜗（火山琉璃的样子）,2026-06-07T13:54:25Z,ok
NO.040,晶石蜗（蓝锥矿的样子）,矿晶虫（蓝锥矿的样子）,大地组、软体组,2.03,2.52,0.23,0.32,光,地,光、地,最终形态,地区形态,蓝锥矿的样子,1.03,1.35,59.1,71.05,晶石蜗（蓝锥矿的样子）,2026-06-07T13:54:39Z,ok
NO.040,晶石蜗（烧蓝黄金的样子）,矿晶虫（烧蓝黄金的样子）,大地组、软体组,2.03,2.52,0.23,0.32,光,地,光、地,最终形态,地区形态,烧蓝黄金的样子,1.03,1.35,59.1,71.05,晶石蜗（烧蓝黄金的样子）,2026-06-07T13:54:29Z,ok
NO.041,奇丽草,奇丽草,植物组,1.435,2.28,0.16,0.23,草,,草,Ⅰ阶,原始形态,,0.38,0.55,4.1,5.7,奇丽草,2026-06-07T13:31:41Z,ok
NO.042,奇丽叶,奇丽草,植物组,1.435,2.28,0.16,0.23,草,,草,Ⅱ阶,原始形态,,0.62,0.89,24,31,奇丽叶,2026-06-07T13:31:16Z,ok
NO.043,奇丽花,奇丽草,植物组,1.435,2.28,0.16,0.23,草,,草,最终形态,原始形态,,1.11,1.58,42,58,奇丽花,2026-06-07T13:31:34Z,ok
NO.044,丢丢（草地附近的样子）,丢丢（草地附近的样子）,两栖组,1.505,2.44,0.15,0.21,草,,草,Ⅰ阶,原始形态,草地附近的样子,0.35,0.51,4.3,6.1,丢丢（草地附近的样子）,2026-06-07T13:15:14Z,ok
NO.044,丢丢（沙地附近的样子）,丢丢（沙地附近的样子）,两栖组,1.505,2.44,0.15,0.21,草,地,草、地,Ⅰ阶,地区形态,沙地附近的样子,0.35,0.51,4.3,6.1,丢丢（沙地附近的样子）,2026-06-07T13:15:01Z,ok
NO.044,丢丢（雪山附近的样子）,丢丢（雪山附近的样子）,两栖组,1.505,2.44,0.15,0.21,草,冰,草、冰,Ⅰ阶,地区形态,雪山附近的样子,0.35,0.51,4.3,6.1,丢丢（雪山附近的样子）,2026-06-07T13:15:25Z,ok
NO.045,卡卡虫（草地附近的样子）,丢丢（草地附近的样子）,两栖组,1.505,2.44,0.15,0.21,草,,草,Ⅱ阶,原始形态,草地附近的样子,0.53,0.76,18.5,21.6,卡卡虫（草地附近的样子）,2026-06-07T13:20:52Z,ok
NO.045,卡卡虫（沙地附近的样子）,丢丢（沙地附近的样子）,两栖组,1.505,2.44,0.15,0.21,草,地,草、地,Ⅱ阶,地区形态,沙地附近的样子,0.53,0.76,18.5,21.6,卡卡虫（沙地附近的样子）,2026-06-07T13:20:48Z,ok
NO.045,卡卡虫（雪山附近的样子）,丢丢（雪山附近的样子）,两栖组,1.505,2.44,0.15,0.21,草,冰,草、冰,Ⅱ阶,地区形态,雪山附近的样子,0.53,0.76,18.5,21.6,卡卡虫（雪山附近的样子）,2026-06-07T13:21:03Z,ok
NO.046,卡瓦重（草地附近的样子）,丢丢（草地附近的样子）,两栖组,1.505,2.44,0.15,0.21,草,,草,最终形态,原始形态,草地附近的样子,0.76,1.09,29,35.85,卡瓦重（草地附近的样子）,2026-06-07T13:22:48Z,ok
NO.046,卡瓦重（沙地附近的样子）,丢丢（沙地附近的样子）,两栖组,1.505,2.44,0.15,0.21,草,地,草、地,最终形态,地区形态,沙地附近的样子,0.76,1.09,29,35.85,卡瓦重（沙地附近的样子）,2026-06-07T13:22:34Z,ok
NO.046,卡瓦重（雪山附近的样子）,丢丢（雪山附近的样子）,两栖组,1.505,2.44,0.15,0.21,草,冰,草、冰,最终形态,地区形态,雪山附近的样子,0.76,1.09,29,35.85,卡瓦重（雪山附近的样子）,2026-06-07T13:22:56Z,ok
NO.047,护主犬,护主犬,动物组,4.76,7,0.27,0.38,火,,火,Ⅰ阶,原始形态,,0.64,0.92,13.6,17.5,护主犬,2026-06-07T13:40:03Z,ok
NO.048,音速犬,护主犬,动物组,4.76,7,0.27,0.38,火,,火,最终形态,原始形态,,1.13,1.62,39.5,51.5,音速犬,2026-06-07T14:35:13Z,ok
NO.049,绿耳松鼠,绿耳松鼠,动物组,1.225,2.4,0.2,0.28,普通,,普通,Ⅰ阶,原始形态,,0.47,0.68,3.5,6,绿耳松鼠,2026-06-07T14:09:45Z,ok
NO.050,抱枕松鼠,绿耳松鼠,动物组,1.225,2.4,0.2,0.28,普通,,普通,Ⅱ阶,原始形态,,0.6,0.84,21.05,27.08,抱枕松鼠,2026-06-07T13:40:07Z,ok
NO.051,蹦床松鼠,绿耳松鼠,动物组,1.225,2.4,0.2,0.28,普通,,普通,最终形态,原始形态,,0.78,1.12,47.5,68.4,蹦床松鼠,2026-06-07T14:14:54Z,ok
NO.052,嘟嘟煲,嘟嘟煲,大地组、妖精组,16.975,22.4,0.28,0.33,毒,,毒,Ⅰ阶,原始形态,,0.65,0.8,48.5,56,嘟嘟煲,2026-06-07T13:26:18Z,ok
NO.053,嘟嘟锅,嘟嘟煲,大地组、妖精组,16.975,22.4,0.28,0.33,毒,,毒,最终形态,原始形态,,0.64,0.91,67.9,89.2,嘟嘟锅,2026-06-07T13:26:23Z,ok
NO.054,小灵面,小灵面,魔力组,0.035,0.06,0.16,0.23,幽,,幽,Ⅰ阶,原始形态,,0.38,0.55,0.1,0.55,小灵面,2026-06-07T04:15:28Z,ok
NO.055,暗影灵面（睁眼的样子）,小灵面（睁眼的样子）,魔力组,0.035,0.06,0.16,0.23,幽,,幽,Ⅱ阶,原始形态,睁眼的样子,0.75,0.86,0.12,1.16,暗影灵面（睁眼的样子）,2026-06-07T13:54:51Z,ok
NO.055,暗影灵面（闭眼的样子）,小灵面（闭眼的样子）,魔力组,0.035,0.06,0.16,0.23,幽,,幽,Ⅱ阶,地区形态,闭眼的样子,0.75,0.86,0.12,1.16,暗影灵面（闭眼的样子）,2026-06-07T13:54:52Z,ok
NO.056,幽冥眼（睁眼的样子）,小灵面（睁眼的样子）,魔力组,0.035,0.06,0.16,0.23,幽,,幽,最终形态,原始形态,睁眼的样子,1.55,1.65,1.5,2.86,幽冥眼（睁眼的样子）,2026-06-07T13:39:31Z,ok
NO.056,幽冥眼（闭眼的样子）,小灵面（闭眼的样子）,魔力组,0.035,0.06,0.16,0.23,幽,,幽,最终形态,地区形态,闭眼的样子,1.55,1.65,1.5,2.86,幽冥眼（闭眼的样子）,2026-06-07T13:39:35Z,ok
NO.057,梦游（穿旧睡衣的样子）,梦游（穿旧睡衣的样子）,妖精组、魔力组,0.298,0.42,0.21,0.25,幽,,幽,Ⅰ阶,原始形态,穿旧睡衣的样子,0.5,0.6,0.6,1.87,梦游（穿旧睡衣的样子）,2026-06-07T13:58:14Z,ok
NO.058,梦悠悠（穿旧睡衣的样子）,梦游（穿旧睡衣的样子）,妖精组、魔力组,0.298,0.42,0.21,0.25,幽,,幽,最终形态,原始形态,穿旧睡衣的样子,1,1.2,1.25,3.1,梦悠悠（穿旧睡衣的样子）,2026-06-07T13:57:47Z,ok
NO.059,兽花蕾,兽花蕾,植物组,1.488,2.6,0.16,0.19,光,草,光、草,最终形态,原始形态,,0.38,0.45,4.25,6.5,兽花蕾,2026-06-07T13:17:54Z,ok
NO.060,伏地兽,伏地兽,动物组,4.34,6.32,0.22,0.31,普通,,普通,Ⅰ阶,原始形态,,0.52,0.74,12.4,15.8,伏地兽,2026-06-07T13:17:24Z,ok
NO.061,贪食鼹,伏地兽,动物组,4.34,6.32,0.22,0.31,普通,,普通,Ⅱ阶,原始形态,,0.84,1.21,21.6,35.84,贪食鼹,2026-06-07T14:14:42Z,ok
NO.062,巨噬针鼹,伏地兽,动物组,4.34,6.32,0.22,0.31,普通,,普通,最终形态,原始形态,,1.52,1.79,87.3,105,巨噬针鼹,2026-06-07T13:37:23Z,ok
NO.063,蹦蹦种子（海神球形态）,蹦蹦种子（海神球形态）,植物组,1.505,2.24,0.2,0.28,草,毒,草、毒,Ⅰ阶,原始形态,海神球形态,0.46,0.67,4.3,5.6,蹦蹦种子（海神球形态）,2026-06-07T14:15:01Z,ok
NO.063,蹦蹦种子（彩玉球形态）,蹦蹦种子（彩玉球形态）,植物组,1.505,2.24,0.2,0.28,草,毒,草、毒,Ⅰ阶,地区形态,彩玉球形态,0.46,0.67,4.3,5.6,蹦蹦种子（彩玉球形态）,2026-06-07T14:14:55Z,ok
NO.063,蹦蹦种子（短毛球形态）,蹦蹦种子（短毛球形态）,植物组,1.505,2.24,0.2,0.28,草,毒,草、毒,Ⅰ阶,地区形态,短毛球形态,0.46,0.67,4.3,5.6,蹦蹦种子（短毛球形态）,2026-06-07T14:15:01Z,ok
NO.063,蹦蹦种子（象牙球形态）,蹦蹦种子（象牙球形态）,植物组,1.505,2.24,0.2,0.28,草,毒,草、毒,Ⅰ阶,地区形态,象牙球形态,0.46,0.67,4.3,5.6,蹦蹦种子（象牙球形态）,2026-06-07T14:15:02Z,ok
NO.064,蹦蹦草（海神球形态）,蹦蹦种子（海神球形态）,植物组,1.505,2.24,0.2,0.28,草,毒,草、毒,Ⅱ阶,原始形态,海神球形态,0.59,0.85,34.3,42.9,蹦蹦草（海神球形态）,2026-06-07T14:15:37Z,ok
NO.064,蹦蹦草（彩玉球形态）,蹦蹦种子（彩玉球形态）,植物组,1.505,2.24,0.2,0.28,草,毒,草、毒,Ⅱ阶,地区形态,彩玉球形态,0.59,0.85,34.3,42.9,蹦蹦草（彩玉球形态）,2026-06-07T14:15:34Z,ok
NO.064,蹦蹦草（短毛球形态）,蹦蹦种子（短毛球形态）,植物组,1.505,2.24,0.2,0.28,草,毒,草、毒,Ⅱ阶,地区形态,短毛球形态,0.59,0.85,34.3,42.9,蹦蹦草（短毛球形态）,2026-06-07T14:15:42Z,ok
NO.064,蹦蹦草（象牙球形态）,蹦蹦种子（象牙球形态）,植物组,1.505,2.24,0.2,0.28,草,毒,草、毒,Ⅱ阶,地区形态,象牙球形态,0.59,0.85,34.3,42.9,蹦蹦草（象牙球形态）,2026-06-07T14:15:42Z,ok
NO.065,蹦蹦花（海神球形态）,蹦蹦种子（海神球形态）,植物组,1.505,2.24,0.2,0.28,草,毒,草、毒,最终形态,原始形态,海神球形态,1.33,1.9,75,86,蹦蹦花（海神球形态）,2026-06-07T14:15:27Z,ok
NO.065,蹦蹦花（彩玉球形态）,蹦蹦种子（彩玉球形态）,植物组,1.505,2.24,0.2,0.28,草,毒,草、毒,最终形态,地区形态,彩玉球形态,1.33,1.9,75,86,蹦蹦花（彩玉球形态）,2026-06-07T14:15:07Z,ok
NO.065,蹦蹦花（短毛球形态）,蹦蹦种子（短毛球形态）,植物组,1.505,2.24,0.2,0.28,草,毒,草、毒,最终形态,地区形态,短毛球形态,1.33,1.9,75,86,蹦蹦花（短毛球形态）,2026-06-07T14:15:28Z,ok
NO.065,蹦蹦花（象牙球形态）,蹦蹦种子（象牙球形态）,植物组,1.505,2.24,0.2,0.28,草,毒,草、毒,最终形态,地区形态,象牙球形态,1.33,1.9,75,86,蹦蹦花（象牙球形态）,2026-06-07T14:15:32Z,ok
NO.066,电咩咩,电咩咩,动物组,2.51,3.64,0.25,0.34,电,,电,Ⅰ阶,原始形态,,0.58,0.83,7.17,9.1,电咩咩,2026-06-07T14:05:55Z,ok
NO.067,粉咩咩,电咩咩,动物组,2.51,3.64,0.25,0.34,电,,电,Ⅱ阶,原始形态,,0.8,1.14,15.3,18.6,粉咩咩,2026-06-07T14:08:22Z,ok
NO.068,电球咩咩,电咩咩,动物组,2.51,3.64,0.25,0.34,电,,电,最终形态,原始形态,,1.13,1.62,48.6,58,电球咩咩,2026-06-07T14:05:59Z,ok
NO.069,蒲公英,蒲公英,天空组、植物组,0.035,0.12,0.13,0.21,草,萌,草、萌,Ⅰ阶,原始形态,,0.3,0.5,0.1,0.6,蒲公英,2026-06-07T14:12:03Z,ok
NO.070,蒲公英娃娃,蒲公英,天空组、植物组,0.035,0.12,0.13,0.21,草,萌,草、萌,最终形态,原始形态,,0.7,1,0.3,1.35,蒲公英娃娃,2026-06-07T14:12:08Z,ok
NO.071,伊贝儿,伊贝儿,植物组、软体组,1.155,1.68,0.19,0.26,草,,草,Ⅰ阶,原始形态,,0.44,0.62,3.3,4.2,伊贝儿,2026-06-07T13:17:10Z,ok
NO.072,伊贝粉粉,伊贝儿,植物组、软体组,1.155,1.68,0.19,0.26,草,,草,最终形态,原始形态,,1.03,1.47,9.3,12.5,伊贝粉粉,2026-06-07T13:17:21Z,ok
NO.073,白发懒人,白发懒人,巨灵组、拟人组,6.825,9.4,0.31,0.43,普通,,普通,Ⅰ阶,原始形态,,0.72,1.03,19.5,23.5,白发懒人,2026-06-07T14:06:19Z,ok
NO.074,动力猿,白发懒人,巨灵组、拟人组,6.825,9.4,0.31,0.43,普通,武,普通、武,Ⅱ阶,原始形态,,1.2,1.71,46.5,63.5,动力猿,2026-06-07T13:19:57Z,ok
NO.075,瞌睡王,白发懒人,巨灵组、拟人组,6.825,9.4,0.31,0.43,普通,武,普通、武,最终形态,原始形态,,1.61,2.31,124.5,136.5,瞌睡王,2026-06-07T14:06:38Z,ok
NO.076,海盔虫（本来的样子）,海盔虫（本来的样子）,巨灵组、海洋组,7.4,8.6,0.55,0.7,水,毒,水、毒,Ⅰ阶,原始形态,本来的样子,0.55,0.7,7.4,8.6,海盔虫（本来的样子）,2026-06-07T16:32:53Z,ok
NO.076,海盔虫（磨损的样子）,海盔虫（本来的样子）,巨灵组、海洋组,7.4,8.6,0.55,0.7,水,毒,水、毒,Ⅰ阶,地区形态,磨损的样子,0.55,0.7,7.4,8.6,海盔虫（磨损的样子）,2026-06-07T14:00:57Z,ok
NO.077,刺盔虫（本来的样子）,海盔虫（本来的样子）,巨灵组、海洋组,7.4,8.6,0.55,0.7,水,毒,水、毒,Ⅱ阶,原始形态,本来的样子,0.83,1.19,22.5,29.8,刺盔虫（本来的样子）,2026-06-07T16:32:43Z,ok
NO.077,刺盔虫（磨损的样子）,海盔虫（本来的样子）,巨灵组、海洋组,7.4,8.6,0.55,0.7,水,毒,水、毒,Ⅱ阶,地区形态,磨损的样子,0.83,1.19,22.5,29.8,刺盔虫（磨损的样子）,2026-06-07T13:19:20Z,ok
NO.078,千棘盔（本来的样子）,海盔虫（本来的样子）,巨灵组、海洋组,7.4,8.6,0.55,0.7,水,毒,水、毒,最终形态,原始形态,本来的样子,1.11,1.33,98.6,115,千棘盔（本来的样子）,2026-06-07T16:32:16Z,ok
NO.078,千棘盔（磨损的样子）,海盔虫（本来的样子）,巨灵组、海洋组,7.4,8.6,0.55,0.7,水,毒,水、毒,最终形态,地区形态,磨损的样子,1.11,1.33,98.6,115,千棘盔（磨损的样子）,2026-06-07T13:20:45Z,ok
NO.079,菊花梨,菊花梨,植物组,1.47,2.32,0.27,0.37,萌,,萌,最终形态,原始形态,,0.63,0.9,4.2,5.8,菊花梨,2026-06-07T14:11:51Z,ok
NO.080,小星光（星光能量的样子）,小星光（星光能量的样子）,动物组,9.625,14.48,0.33,0.46,电,,电,Ⅰ阶,原始形态,星光能量的样子,0.78,1.12,27.5,36.2,小星光（星光能量的样子）,2026-06-07T13:34:45Z,ok
NO.080,小星光（月光能量的样子）,小星光（月光能量的样子）,动物组,9.625,14.48,0.33,0.46,电,光,电、光,Ⅰ阶,地区形态,月光能量的样子,0.78,1.12,27.5,36.2,小星光（月光能量的样子）,2026-06-07T13:34:46Z,ok
NO.081,星光狮（星光能量的样子）,小星光（星光能量的样子）,动物组,9.625,14.48,0.33,0.46,电,,电,最终形态,原始形态,星光能量的样子,1.08,1.54,49.5,58.1,星光狮（星光能量的样子）,2026-06-07T13:40:36Z,ok
NO.081,星光狮（月光能量的样子）,小星光（月光能量的样子）,动物组,9.625,14.48,0.33,0.46,电,光,电、光,最终形态,地区形态,月光能量的样子,1.08,1.54,49.5,58.1,星光狮（月光能量的样子）,2026-06-07T13:40:41Z,ok
NO.082,一窝蜂,一窝蜂,天空组、昆虫组,1.4,2.2,0.16,0.22,虫,翼,虫、翼,Ⅰ阶,原始形态,,0.37,0.52,4,5.5,一窝蜂,2026-06-07T13:14:56Z,ok
NO.083,黄蜂后,一窝蜂,天空组、昆虫组,1.4,2.2,0.16,0.22,虫,翼,虫、翼,Ⅱ阶,原始形态,,0.81,1.16,31.7,39.21,黄蜂后,2026-06-07T14:37:07Z,ok
NO.084,花魁蜂后,一窝蜂,天空组、昆虫组,1.4,2.2,0.16,0.22,虫,翼,虫、翼,最终形态,原始形态,,0.83,1.19,61.5,78.4,花魁蜂后,2026-06-07T14:10:39Z,ok
NO.085,小夜,小夜,妖精组、拟人组,1.575,3.04,0.22,0.3,恶,,恶,Ⅰ阶,原始形态,,0.51,0.73,4.5,7.6,小夜,2026-06-07T13:34:34Z,ok
NO.086,紫夜,小夜,妖精组、拟人组,1.575,3.04,0.22,0.3,恶,,恶,Ⅱ阶,原始形态,,0.72,1.03,17.6,22.5,紫夜,2026-06-07T14:08:47Z,ok
NO.087,朔夜伊芙,小夜,妖精组、拟人组,1.575,3.04,0.22,0.3,恶,,恶,最终形态,原始形态,,1.06,1.51,46.2,57.5,朔夜伊芙,2026-06-07T03:44:52Z,ok
NO.088,乖乖鹄,乖乖鹄,两栖组、天空组,1.47,2.2,0.2,0.28,翼,水,翼、水,Ⅰ阶,原始形态,,0.46,0.67,4.2,5.5,乖乖鹄,2026-06-07T13:16:00Z,ok
NO.089,蓝珠天鹅,乖乖鹄,两栖组、天空组,1.47,2.2,0.2,0.28,翼,水,翼、水,Ⅱ阶,原始形态,,0.88,1.03,14.08,18.1,蓝珠天鹅,2026-06-07T14:12:13Z,ok
NO.090,翠顶夫人,乖乖鹄,两栖组、天空组,1.47,2.2,0.2,0.28,翼,水,翼、水,最终形态,原始形态,,1.2,1.34,19.05,25.04,翠顶夫人,2026-06-07T14:09:59Z,ok
NO.091,黑羽夫人,乖乖鹄,两栖组、天空组,1.47,2.2,0.2,0.28,翼,恶,翼、恶,最终形态,原始形态,,1.25,1.4,20.5,28.06,黑羽夫人,2026-06-07T14:37:28Z,ok
NO.092,锤头鹳,锤头鹳,两栖组、天空组,17.955,26.32,0.46,0.65,翼,水,翼、水,最终形态,原始形态,,1.09,1.56,51.3,65.8,锤头鹳,2026-06-07T14:32:30Z,ok
NO.093,绿草精灵,绿草精灵,妖精组、拟人组,3.255,4.12,0.3,0.42,草,幻,草、幻,Ⅰ阶,原始形态,,0.71,1.01,9.3,10.3,绿草精灵,2026-06-07T14:09:50Z,ok
NO.094,魔草巫灵,绿草精灵,妖精组、拟人组,3.255,4.12,0.3,0.42,草,幻,草、幻,最终形态,原始形态,,0.74,1.05,29,34,魔草巫灵,2026-06-07T14:36:16Z,ok
NO.095,记忆石,记忆石,大地组,31.57,44.8,0.41,0.58,地,,地,最终形态,原始形态,,0.97,1.39,90.2,112,记忆石,2026-06-07T14:14:17Z,ok
NO.096,咔咔羽毛,咔咔羽毛,天空组,0.917,1.56,0.26,0.37,翼,普通,翼、普通,Ⅰ阶,原始形态,,0.62,0.89,2.62,3.9,咔咔羽毛,2026-06-07T13:25:17Z,ok
NO.097,咔咔雀,咔咔羽毛,天空组,0.917,1.56,0.26,0.37,翼,普通,翼、普通,Ⅱ阶,原始形态,,0.66,0.95,13.8,18.5,咔咔雀,2026-06-07T13:25:39Z,ok
NO.098,咔咔鸟,咔咔羽毛,天空组,0.917,1.56,0.26,0.37,翼,普通,翼、普通,最终形态,原始形态,,0.7,1,27.5,33.72,咔咔鸟,2026-06-07T13:25:40Z,ok
NO.099,小草虫,小草虫,拟人组、昆虫组,0.735,1.36,0.2,0.28,虫,草,虫、草,Ⅰ阶,原始形态,,0.47,0.67,2.1,3.4,小草虫,2026-06-07T13:36:00Z,ok
NO.100,草衣虫,小草虫,拟人组、昆虫组,0.735,1.36,0.2,0.28,虫,草,虫、草,Ⅱ阶,原始形态,,0.6,0.87,7.2,8.6,草衣虫,2026-06-07T14:11:42Z,ok
NO.101,花衣蝶,小草虫,拟人组、昆虫组,0.735,1.36,0.2,0.28,虫,草,虫、草,最终形态,原始形态,,0.92,1.32,19.6,23.4,花衣蝶,2026-06-07T14:10:27Z,ok
NO.102,绿翼鸟,绿翼鸟,天空组、妖精组,1.26,1.92,0.21,0.25,萌,翼,萌、翼,Ⅰ阶,原始形态,,0.49,0.61,3.6,4.8,绿翼鸟,2026-06-07T14:09:39Z,ok
NO.103,魔翼鸟,绿翼鸟,天空组、妖精组,1.26,1.92,0.21,0.25,萌,翼,萌、翼,Ⅱ阶,原始形态,,0.78,1.12,8.85,13.8,魔翼鸟,2026-06-07T14:35:55Z,ok
NO.104,魔眷鸟,绿翼鸟,天空组、妖精组,1.26,1.92,0.21,0.25,萌,翼,萌、翼,最终形态,原始形态,,0.91,1.31,19.8,24.5,魔眷鸟,2026-06-07T14:35:54Z,ok
NO.105,阿米亚特,阿米亚特,大地组、巨灵组,13.475,19.68,0.24,0.33,地,,地,Ⅰ阶,原始形态,,0.57,0.79,38.5,49.2,阿米亚特,2026-06-07T14:33:01Z,ok
NO.106,阿米樱,阿米亚特,大地组、巨灵组,13.475,19.68,0.24,0.33,地,,地,Ⅱ阶,原始形态,,0.78,1.12,94.2,143,阿米樱,2026-06-07T14:33:03Z,ok
NO.107,罗隐,阿米亚特,大地组、巨灵组,13.475,19.68,0.24,0.33,地,恶,地、恶,最终形态,原始形态,,1.48,2.12,290,305,罗隐,2026-06-07T14:09:56Z,ok
NO.108,风铃鲨,风铃鲨,天空组、海洋组,4.575,6.72,0.17,0.24,水,翼,水、翼,Ⅰ阶,原始形态,,0.41,0.59,13.07,16.8,风铃鲨,2026-06-07T14:35:19Z,ok
NO.109,蓝蝶鲨,风铃鲨,天空组、海洋组,4.575,6.72,0.17,0.24,水,翼,水、翼,Ⅱ阶,原始形态,,0.81,1.16,34.82,48.6,蓝蝶鲨,2026-06-07T14:12:16Z,ok
NO.110,彩蝶鲨,风铃鲨,天空组、海洋组,4.575,6.72,0.17,0.24,水,翼,水、翼,最终形态,原始形态,,1.18,1.68,80.5,96.5,彩蝶鲨,2026-06-07T10:40:22Z,ok
NO.111,石石,石石,大地组、魔力组,21.35,30,0.15,0.21,地,,地,Ⅰ阶,原始形态,,0.35,0.5,61,75,石石,2026-06-07T14:07:03Z,ok
NO.112,巨灵石,石石,大地组、魔力组,21.35,30,0.15,0.21,地,幽,地、幽,最终形态,原始形态,,1.95,2.3,205,240,巨灵石,2026-06-07T13:37:39Z,ok
NO.113,仪使者,仪使者,大地组、妖精组,6.668,14.02,0.19,0.24,地,幻,地、幻,Ⅰ阶,原始形态,,0.45,0.58,19.05,35.05,仪使者,2026-06-07T13:16:49Z,ok
NO.114,仪式之星,仪使者,大地组、妖精组,6.668,14.02,0.19,0.24,地,幻,地、幻,Ⅱ阶,原始形态,,0.84,1.21,72,87.5,仪式之星,2026-06-07T13:16:51Z,ok
NO.115,仪式巨像,仪使者,大地组、妖精组,6.668,14.02,0.19,0.24,地,幻,地、幻,最终形态,原始形态,,1.44,1.79,198.05,253.07,仪式巨像,2026-06-07T13:16:53Z,ok
NO.116,小独角兽,小独角兽,动物组、巨灵组,14.525,22.24,0.42,0.59,光,,光,Ⅰ阶,原始形态,,0.98,1.41,41.5,55.6,小独角兽,2026-06-07T13:35:05Z,ok
NO.117,白金独角兽,小独角兽,动物组、巨灵组,14.525,22.24,0.42,0.59,光,,光,最终形态,原始形态,,1.35,1.93,94.5,105,白金独角兽,2026-06-07T14:06:27Z,ok
NO.118,旋叶虫（金黄的样子）,旋叶虫（金黄的样子）,昆虫组、植物组,0.053,0.1,0.04,0.06,普通,虫,普通、虫,Ⅰ阶,原始形态,金黄的样子,0.1,0.15,0.1,0.85,旋叶虫（金黄的样子）,2026-06-07T13:40:33Z,ok
NO.118,旋叶虫（枯叶的样子）,旋叶虫（枯叶的样子）,昆虫组、植物组,0.053,0.1,0.04,0.06,普通,虫,普通、虫,Ⅰ阶,地区形态,枯叶的样子,0.1,0.15,0.1,0.85,旋叶虫（枯叶的样子）,2026-06-07T13:40:28Z,ok
NO.119,蓬叶虫（金黄的样子）,旋叶虫（金黄的样子）,昆虫组、植物组,0.053,0.1,0.04,0.06,普通,虫,普通、虫,Ⅱ阶,原始形态,金黄的样子,0.53,0.76,0.65,1.68,蓬叶虫（金黄的样子）,2026-06-07T14:13:13Z,ok
NO.119,蓬叶虫（枯叶的样子）,旋叶虫（枯叶的样子）,昆虫组、植物组,0.053,0.1,0.04,0.06,普通,虫,普通、虫,Ⅱ阶,地区形态,枯叶的样子,0.53,0.76,0.65,1.68,蓬叶虫（枯叶的样子）,2026-06-07T14:13:04Z,ok
NO.120,风滚暮虫（金黄的样子）,旋叶虫（金黄的样子）,昆虫组、植物组,0.053,0.1,0.04,0.06,普通,虫,普通、虫,最终形态,原始形态,金黄的样子,0.6,0.7,1.45,3.43,风滚暮虫（金黄的样子）,2026-06-07T14:35:16Z,ok
NO.120,风滚暮虫（枯叶的样子）,旋叶虫（枯叶的样子）,昆虫组、植物组,0.053,0.1,0.04,0.06,普通,虫,普通、虫,最终形态,地区形态,枯叶的样子,0.6,0.7,1.45,3.43,风滚暮虫（枯叶的样子）,2026-06-07T14:35:16Z,ok
NO.121,小黑猫,小黑猫,动物组、妖精组,1.085,1.8,0.23,0.27,普通,,普通,Ⅰ阶,原始形态,,0.55,0.65,3.1,4.5,小黑猫,2026-06-07T13:36:48Z,ok
NO.122,黑猫巫师,小黑猫,动物组、妖精组,1.085,1.8,0.23,0.27,普通,,普通,最终形态,原始形态,,0.85,0.97,8.1,9.5,黑猫巫师,2026-06-05T03:24:27Z,ok
NO.123,忽幽狸,忽幽狸,动物组、拟人组,2.905,3.92,0.32,0.45,幽,毒,幽、毒,Ⅰ阶,原始形态,,0.76,1.09,8.3,9.8,忽幽狸,2026-06-07T13:39:45Z,ok
NO.124,影狸,忽幽狸,动物组、拟人组,2.905,3.92,0.32,0.45,幽,毒,幽、毒,最终形态,原始形态,,1.11,1.59,23.5,37.5,影狸,2026-06-07T13:39:44Z,ok
NO.125,多多,多多,拟人组,5.11,7.44,0.19,0.27,毒,地,毒、地,Ⅰ阶,原始形态,,0.45,0.65,14.6,18.6,多多,2026-06-03T13:42:30Z,ok
NO.126,多啦多,多多,拟人组,5.11,7.44,0.19,0.27,毒,地,毒、地,Ⅱ阶,原始形态,,0.58,0.83,28.5,34.6,多啦多,2026-06-07T13:30:19Z,ok
NO.127,古啦多,多多,拟人组,5.11,7.44,0.19,0.27,毒,地,毒、地,最终形态,原始形态,,0.69,0.99,43.5,58.6,古啦多,2026-06-07T13:23:20Z,ok
NO.128,哭哭菇,哭哭菇,植物组,0.63,1.28,0.14,0.2,幻,,幻,Ⅰ阶,原始形态,,0.33,0.47,1.8,3.2,哭哭菇,2026-06-07T13:25:51Z,ok
NO.129,怖须菇,哭哭菇,植物组,0.63,1.28,0.14,0.2,幻,,幻,Ⅱ阶,原始形态,,0.69,0.99,8.72,15.6,怖须菇,2026-06-07T13:39:56Z,ok
NO.130,怖哭菇,哭哭菇,植物组,0.63,1.28,0.14,0.2,幻,,幻,最终形态,原始形态,,1.23,1.76,22.5,28.6,怖哭菇,2026-06-07T13:39:55Z,ok
NO.131,恶魔狼,恶魔狼,动物组,25.9,36.8,0.52,0.73,恶,,恶,最终形态,原始形态,,1.23,1.76,74,92,恶魔狼,2026-06-07T13:39:56Z,ok
NO.132,小电企鹅,小电企鹅,天空组,1.337,2.156,0.19,0.23,冰,电,冰、电,Ⅰ阶,原始形态,,0.44,0.56,3.82,5.39,小电企鹅,2026-06-07T13:35:33Z,ok
NO.133,电企鹅,小电企鹅,天空组,1.337,2.156,0.19,0.23,冰,电,冰、电,最终形态,原始形态,,0.9,1.14,14.6,26.9,电企鹅,2026-06-07T14:05:45Z,ok
NO.134,雪豆丁,雪豆丁,巨灵组、拟人组,3.325,5,0.37,0.51,冰,,冰,Ⅰ阶,原始形态,,0.86,1.23,9.5,12.5,雪豆丁,2026-06-07T14:34:22Z,ok
NO.135,雪蛮人,雪豆丁,巨灵组、拟人组,3.325,5,0.37,0.51,冰,,冰,Ⅱ阶,原始形态,,1.11,1.59,59,76,雪蛮人,2026-06-07T14:34:12Z,ok
NO.136,雪巨人,雪豆丁,巨灵组、拟人组,3.325,5,0.37,0.51,冰,,冰,最终形态,原始形态,,1.61,2.31,156,187,雪巨人,2026-06-07T14:33:28Z,ok
NO.137,呼呼猪,呼呼猪,动物组,2.38,3.56,0.22,0.31,冰,地,冰、地,Ⅰ阶,原始形态,,0.52,0.75,6.8,8.9,呼呼猪,2026-06-07T13:24:35Z,ok
NO.138,獠牙猪,呼呼猪,动物组,2.38,3.56,0.22,0.31,冰,地,冰、地,最终形态,原始形态,,0.77,1.1,52.8,67.4,獠牙猪,2026-06-07T14:05:23Z,ok
NO.139,雪娃娃,雪娃娃,妖精组,2.38,3.264,0.12,0.17,冰,,冰,Ⅰ阶,原始形态,,0.29,0.42,6.8,8.16,雪娃娃,2026-06-07T14:33:26Z,ok
NO.140,冰封怨灵,雪娃娃,妖精组,2.38,3.264,0.12,0.17,冰,,冰,Ⅱ阶,原始形态,,0.96,1.37,24.5,31.6,冰封怨灵,2026-06-07T13:18:35Z,ok
NO.141,雪灵,雪娃娃,妖精组,2.38,3.264,0.12,0.17,冰,,冰,最终形态,原始形态,,1.09,1.56,56.4,68.4,雪灵,2026-06-07T14:33:40Z,ok
NO.142,大耳帽兜,大耳帽兜,妖精组、拟人组,2.937,4.28,0.17,0.2,冰,萌,冰、萌,Ⅰ阶,原始形态,,0.39,0.42,8.39,10.7,大耳帽兜,2026-06-07T13:31:12Z,ok
NO.143,帽兜娃娃,大耳帽兜,妖精组、拟人组,2.937,4.28,0.17,0.2,冰,萌,冰、萌,Ⅱ阶,原始形态,,0.4,0.57,19.05,26.8,帽兜娃娃,2026-06-07T13:38:47Z,ok
NO.144,雪影娃娃,大耳帽兜,妖精组、拟人组,2.937,4.28,0.17,0.2,冰,萌,冰、萌,最终形态,原始形态,,0.64,0.92,31.8,36.6,雪影娃娃,2026-06-07T14:33:32Z,ok
NO.145,权杖-Ⅱ,权杖-Ⅱ,机械组,9.975,14.28,0.19,0.23,机械,,机械,Ⅰ阶,原始形态,,0.45,0.55,28.5,35.7,权杖-Ⅱ,2026-06-07T13:56:01Z,ok
NO.146,权杖-Ⅴ,权杖-Ⅱ,机械组,9.975,14.28,0.19,0.23,机械,,机械,最终形态,原始形态,,0.95,1.05,98,108,权杖-Ⅴ,2026-06-07T16:22:51Z,ok
NO.147,灵狐,灵狐,动物组,2.59,3.56,0.24,0.33,火,冰,火、冰,Ⅰ阶,原始形态,,0.56,0.8,7.4,8.9,灵狐,2026-06-07T14:02:44Z,ok
NO.148,九尾狐,灵狐,动物组,2.59,3.56,0.24,0.33,火,冰,火、冰,Ⅱ阶,原始形态,,0.77,1.11,13.08,21.05,九尾狐,2026-06-07T13:16:18Z,ok
NO.149,尖嘴狐仙,灵狐,动物组,2.59,3.56,0.24,0.33,火,冰,火、冰,最终形态,原始形态,,1.34,1.92,69.5,78.5,尖嘴狐仙,2026-06-07T13:37:11Z,ok
NO.153,松仔,松仔,动物组,2.188,3.14,0.22,0.28,草,武,草、武,Ⅰ阶,原始形态,,0.52,0.68,6.25,7.85,松仔,2026-06-07T13:56:02Z,ok
NO.154,松叶羊,松仔,动物组,2.188,3.14,0.22,0.28,草,武,草、武,Ⅱ阶,原始形态,,1.08,1.33,19.09,28.06,松叶羊,2026-06-07T13:56:13Z,ok
NO.155,针叶巡林,松仔,动物组,2.188,3.14,0.22,0.28,草,武,草、武,最终形态,原始形态,,1.86,2.14,56.8,69.02,针叶巡林,2026-06-07T14:31:29Z,ok
NO.156,小勇狮,小勇狮,动物组,2.975,4.82,0.28,0.34,火,武,火、武,Ⅰ阶,原始形态,,0.67,0.81,8.5,12.05,小勇狮,2026-06-07T13:34:26Z,ok
NO.157,炽焰狮,小勇狮,动物组,2.975,4.82,0.28,0.34,火,武,火、武,Ⅱ阶,原始形态,,1.12,1.45,46.02,67.05,炽焰狮,2026-06-07T14:03:14Z,ok
NO.158,炽心勇狮,小勇狮,动物组,2.975,4.82,0.28,0.34,火,武,火、武,最终形态,原始形态,,1.78,1.97,94.7,118.05,炽心勇狮,2026-06-07T14:02:52Z,ok
NO.159,水滴蛇,水滴蛇,两栖组、妖精组,0.788,1.64,0.23,0.29,水,武,水、武,Ⅰ阶,原始形态,,0.53,0.69,2.25,4.1,水滴蛇,2026-06-07T13:59:56Z,ok
NO.160,水蛇锁,水滴蛇,两栖组、妖精组,0.788,1.64,0.23,0.29,水,武,水、武,Ⅱ阶,原始形态,,0.94,1.2,18.07,27.05,水蛇锁,2026-06-07T14:00:07Z,ok
NO.161,游蛇魔使,水滴蛇,两栖组、妖精组,0.788,1.64,0.23,0.29,水,武,水、武,最终形态,原始形态,,2.15,3,71.05,86.05,游蛇魔使,2026-06-07T14:01:43Z,ok
NO.162,公平鸽,公平鸽,天空组,0.875,1.576,0.19,0.25,普通,,普通,最终形态,原始形态,,0.45,0.6,2.5,3.94,公平鸽,2026-06-05T09:48:55Z,ok
NO.163,小怂猫,小怂猫,动物组、拟人组,6.86,9,0.25,0.35,武,,武,Ⅰ阶,原始形态,,0.59,0.84,19.6,22.5,小怂猫,2026-06-07T13:34:36Z,ok
NO.164,怒目怂猫,小怂猫,动物组、拟人组,6.86,9,0.25,0.35,武,,武,最终形态,原始形态,,1.3,1.65,64.5,78.5,怒目怂猫,2026-06-07T13:39:52Z,ok
NO.165,小狮鹫（崖间地的样子）,小狮鹫（崖间地的样子）,动物组、天空组,4.025,7,0.3,0.42,翼,,翼,Ⅰ阶,原始形态,崖间地的样子,0.71,1.02,11.5,17.5,小狮鹫（崖间地的样子）,2026-06-07T13:35:12Z,ok
NO.165,小狮鹫（高山地的样子）,小狮鹫（高山地的样子）,动物组、天空组,4.025,7,0.3,0.42,翼,,翼,Ⅰ阶,地区形态,高山地的样子,0.71,1.02,11.5,17.5,小狮鹫（高山地的样子）,2026-06-07T13:35:19Z,ok
NO.166,神圣狮鹫（崖间地的样子）,小狮鹫（崖间地的样子）,动物组、天空组,4.025,7,0.3,0.42,翼,,翼,Ⅱ阶,原始形态,崖间地的样子,1.01,1.44,49.5,56.8,神圣狮鹫（崖间地的样子）,2026-06-07T14:07:23Z,ok
NO.166,神圣狮鹫（高山地的样子）,小狮鹫（高山地的样子）,动物组、天空组,4.025,7,0.3,0.42,翼,,翼,Ⅱ阶,地区形态,高山地的样子,1.01,1.44,49.5,56.8,神圣狮鹫（高山地的样子）,2026-06-07T14:07:25Z,ok
NO.167,皇家狮鹫（崖间地的样子）,小狮鹫（崖间地的样子）,动物组、天空组,4.025,7,0.3,0.42,翼,,翼,最终形态,原始形态,崖间地的样子,1.72,2.45,125,170.5,皇家狮鹫（崖间地的样子）,2026-06-07T14:06:35Z,ok
NO.167,皇家狮鹫（高山地的样子）,小狮鹫（高山地的样子）,动物组、天空组,4.025,7,0.3,0.42,翼,,翼,最终形态,地区形态,高山地的样子,1.72,2.45,125,170.5,皇家狮鹫（高山地的样子）,2026-06-07T14:06:36Z,ok
NO.168,圆眼蜘蛛,圆眼蜘蛛,昆虫组,1.225,2,0.2,0.28,虫,,虫,Ⅰ阶,原始形态,,0.48,0.68,3.5,5,圆眼蜘蛛,2026-06-07T13:27:05Z,ok
NO.169,尖角蜘蛛,圆眼蜘蛛,昆虫组,1.225,2,0.2,0.28,虫,毒,虫、毒,Ⅱ阶,原始形态,,0.68,0.98,7.75,9.6,尖角蜘蛛,2026-06-07T13:37:11Z,ok
NO.170,芋香巨角蛛,圆眼蜘蛛,昆虫组,1.225,2,0.2,0.28,虫,毒,虫、毒,最终形态,原始形态,,0.9,1.29,31.75,43.6,芋香巨角蛛,2026-06-07T14:10:23Z,ok
NO.171,波波螺,波波螺,两栖组、大地组,1.698,2.26,0.14,0.17,地,水,地、水,Ⅰ阶,原始形态,,0.32,0.42,4.85,5.65,波波螺,2026-06-07T14:00:19Z,ok
NO.171,波波螺（被污染的样子）,波波螺（被污染的样子）,两栖组、大地组,1.698,2.26,0.14,0.17,地,水,地、水,Ⅰ阶,地区形态,被污染的样子,0.32,0.42,4.85,5.65,波波螺（被污染的样子）,2026-06-07T14:00:23Z,ok
NO.172,消波螺,波波螺,两栖组、大地组,1.698,2.26,0.14,0.17,地,水,地、水,Ⅱ阶,原始形态,,0.68,0.82,46.5,69.9,消波螺,2026-06-07T14:01:03Z,ok
NO.172,消波螺（被污染的样子）,波波螺（被污染的样子）,两栖组、大地组,1.698,2.26,0.14,0.17,地,水,地、水,Ⅱ阶,地区形态,被污染的样子,0.68,0.82,46.5,69.9,消波螺（被污染的样子）,2026-06-07T14:01:07Z,ok
NO.173,嗜波螺,波波螺,两栖组、大地组,1.698,2.26,0.14,0.17,地,水,地、水,最终形态,原始形态,,1.2,1.6,86.8,113,嗜波螺,2026-06-07T13:26:09Z,ok
NO.173,嗜波螺（被污染的样子）,波波螺（被污染的样子）,两栖组、大地组,1.698,2.26,0.14,0.17,地,水,地、水,最终形态,地区形态,被污染的样子,1.2,1.6,86.8,113,嗜波螺（被污染的样子）,2026-06-07T13:26:16Z,ok
NO.174,菇菇丁,菇菇丁,植物组,0.385,0.5,0.11,0.15,地,草,地、草,Ⅰ阶,原始形态,,0.25,0.35,1.1,2.76,菇菇丁,2026-06-07T14:11:49Z,ok
NO.175,多菇丁,菇菇丁,植物组,0.385,0.5,0.11,0.15,地,草,地、草,Ⅱ阶,原始形态,,0.6,0.7,5.4,6.8,多菇丁,2026-06-07T13:30:45Z,ok
NO.176,九幽菇,菇菇丁,植物组,0.385,0.5,0.11,0.15,地,草,地、草,最终形态,原始形态,,1.55,1.65,42,58,九幽菇,2026-06-07T13:16:32Z,ok
NO.177,斑斑,斑斑,天空组,1.677,2.468,0.2,0.25,翼,,翼,Ⅰ阶,原始形态,,0.47,0.6,4.79,6.17,斑斑,2026-06-07T13:40:21Z,ok
NO.178,斑枭,斑斑,天空组,1.677,2.468,0.2,0.25,翼,,翼,最终形态,原始形态,,0.68,0.81,15.9,23.8,斑枭,2026-06-07T13:40:24Z,ok
NO.179,草头鸭,草头鸭,两栖组、天空组,1.715,2.628,0.21,0.3,草,,草,Ⅰ阶,原始形态,,0.5,0.72,4.9,6.57,草头鸭,2026-06-07T14:11:26Z,ok
NO.180,卷毛鸭,草头鸭,两栖组、天空组,1.715,2.628,0.21,0.3,草,武,草、武,最终形态,原始形态,,0.9,1.29,35.8,48.06,卷毛鸭,2026-06-07T13:22:57Z,ok
NO.181,海豹战士,海豹战士,两栖组、动物组,24.325,35.04,0.27,0.38,武,水,武、水,Ⅰ阶,原始形态,,0.64,0.92,69.5,87.6,海豹战士,2026-06-07T14:00:57Z,ok
NO.182,海豹船长,海豹战士,两栖组、动物组,24.325,35.04,0.27,0.38,武,水,武、水,最终形态,原始形态,,1.26,1.8,145,165,海豹船长,2026-06-07T14:00:59Z,ok
NO.183,号儿鱼,号儿鱼,妖精组、海洋组,1.365,2.1,0.13,0.17,水,,水,Ⅰ阶,原始形态,,0.31,0.42,3.9,5.25,号儿鱼,2026-06-07T13:24:15Z,ok
NO.184,圆号鱼,号儿鱼,妖精组、海洋组,1.365,2.1,0.13,0.17,水,,水,最终形态,原始形态,,0.79,0.98,10.9,15.8,圆号鱼,2026-06-07T13:26:55Z,ok
NO.185,甜田螺,甜田螺,妖精组、软体组,2.625,3.76,0.17,0.24,水,萌,水、萌,Ⅰ阶,原始形态,,0.41,0.58,7.5,9.4,甜田螺,2026-06-07T14:05:41Z,ok
NO.186,壳乙螺,甜田螺,妖精组、软体组,2.625,3.76,0.17,0.24,水,萌,水、萌,Ⅱ阶,原始形态,,0.68,0.97,11.05,19.04,壳乙螺,2026-06-07T13:30:09Z,ok
NO.187,卡洛儿,甜田螺,妖精组、软体组,2.625,3.76,0.17,0.24,水,萌,水、萌,最终形态,原始形态,,0.7,1,21.4,25.6,卡洛儿,2026-06-07T13:22:33Z,ok
NO.188,棋棋（白子）,棋棋（白子）,妖精组,3.745,5.8,0.15,0.2,武,地,武、地,Ⅰ阶,原始形态,白子,0.35,0.47,10.7,14.5,棋棋（白子）,2026-06-07T13:58:46Z,ok
NO.188,棋棋（黑子）,棋棋（黑子）,妖精组,3.745,5.8,0.15,0.2,武,地,武、地,Ⅰ阶,地区形态,黑子,0.35,0.47,10.7,14.5,棋棋（黑子）,2026-06-07T13:58:46Z,ok
NO.189,棋骑士（白子）,棋棋（白子）,妖精组,3.745,5.8,0.15,0.2,武,地,武、地,最终形态,原始形态,白子,0.98,1.35,43.06,60.09,棋骑士（白子）,2026-06-07T13:59:11Z,ok
NO.189,棋骑士（黑子）,棋棋（黑子）,妖精组,3.745,5.8,0.15,0.2,武,地,武、地,最终形态,地区形态,黑子,0.98,1.35,43.06,60.09,棋骑士（黑子）,2026-06-07T13:59:17Z,ok
NO.190,棋齐垒（白子）,棋棋（白子）,妖精组,3.745,5.8,0.15,0.2,武,地,武、地,最终形态,原始形态,白子,1.45,1.71,58.01,70.05,棋齐垒（白子）,2026-06-07T13:59:23Z,ok
NO.190,棋齐垒（黑子）,棋棋（黑子）,妖精组,3.745,5.8,0.15,0.2,武,地,武、地,最终形态,地区形态,黑子,1.45,1.71,58.01,70.05,棋齐垒（黑子）,2026-06-07T13:59:24Z,ok
NO.191,棋祈督（白子）,棋棋（白子）,妖精组,3.745,5.8,0.15,0.2,武,地,武、地,最终形态,原始形态,白子,0.98,1.35,38.07,47.05,棋祈督（白子）,2026-06-07T13:59:04Z,ok
NO.191,棋祈督（黑子）,棋棋（黑子）,妖精组,3.745,5.8,0.15,0.2,武,地,武、地,最终形态,地区形态,黑子,0.98,1.35,38.07,47.05,棋祈督（黑子）,2026-06-07T13:59:05Z,ok
NO.192,棋绮后（白子）,棋棋（白子）,妖精组,3.745,5.8,0.15,0.2,武,地,武、地,最终形态,原始形态,白子,1.66,1.81,30.01,41.02,棋绮后（白子）,2026-06-07T13:59:08Z,ok
NO.192,棋绮后（黑子）,棋棋（黑子）,妖精组,3.745,5.8,0.15,0.2,武,地,武、地,最终形态,地区形态,黑子,1.66,1.81,30.01,41.02,棋绮后（黑子）,2026-06-07T13:59:09Z,ok
NO.193,奔波鼠,奔波鼠,动物组、拟人组,1.299,2.56,0.2,0.25,地,,地,Ⅰ阶,原始形态,,0.46,0.6,3.71,6.4,奔波鼠,2026-06-06T20:44:45Z,ok
NO.194,流浪鼠,奔波鼠,动物组、拟人组,1.299,2.56,0.2,0.25,地,,地,最终形态,原始形态,,0.88,1.23,59.6,74.3,流浪鼠,2026-06-06T20:43:26Z,ok
NO.195,呆小路,呆小路,动物组、拟人组,1.575,2.32,0.25,0.34,草,萌,草、萌,Ⅰ阶,原始形态,,0.58,0.83,4.5,5.8,呆小路,2026-06-07T13:24:16Z,ok
NO.196,舞动路路,呆小路,动物组、拟人组,1.575,2.32,0.25,0.34,草,萌,草、萌,Ⅱ阶,原始形态,,0.69,0.99,7.4,9.1,舞动路路,2026-06-07T14:10:14Z,ok
NO.197,白发路路,呆小路,动物组、拟人组,1.575,2.32,0.25,0.34,草,萌,草、萌,最终形态,原始形态,,0.89,1.27,15.5,21.6,白发路路,2026-06-07T14:06:20Z,ok
NO.198,逗逗,逗逗,动物组、巨灵组,0.21,0.32,0.13,0.17,萌,,萌,Ⅰ阶,原始形态,,0.3,0.4,0.45,1.53,逗逗,2026-06-07T14:16:24Z,ok
NO.199,气球猫,逗逗,动物组、巨灵组,0.21,0.32,0.13,0.17,萌,,萌,Ⅱ阶,原始形态,,0.41,0.59,0.95,2.15,气球猫,2026-06-07T13:59:45Z,ok
NO.200,梦想三三,逗逗,动物组、巨灵组,0.21,0.32,0.13,0.17,萌,,萌,最终形态,原始形态,,1.18,1.45,12.04,19.04,梦想三三,2026-06-07T13:58:03Z,ok
NO.201,花怨鳗,花怨鳗,两栖组、海洋组,1.015,1.6,0.25,0.28,地,草,地、草,Ⅰ阶,原始形态,,0.58,0.68,2.9,4,花怨鳗,2026-06-07T14:10:26Z,ok
NO.202,鳗尾兽,花怨鳗,两栖组、海洋组,1.015,1.6,0.25,0.28,地,草,地、草,最终形态,原始形态,,0.79,0.92,19.8,36.5,鳗尾兽,2026-06-07T14:36:17Z,ok
NO.203,伊雷龙,伊雷龙,龙组,9.52,13.6,0.31,0.39,龙,,龙,Ⅰ阶,原始形态,,0.72,0.94,27.2,34,伊雷龙,2026-06-07T13:17:23Z,ok
NO.204,伊兰龙,伊雷龙,龙组,9.52,13.6,0.31,0.39,龙,,龙,最终形态,首领形态,,5.5,7,228,342,伊兰龙,2026-06-07T13:54:23Z,ok
NO.204,伊兰亚龙,伊雷龙,龙组,9.52,13.6,0.31,0.39,龙,,龙,最终形态,原始形态,,3.65,4,168,195,伊兰亚龙,2026-06-07T13:16:58Z,ok
NO.205,拉特,拉特,妖精组,2.695,3.44,0.21,0.25,电,,电,Ⅰ阶,原始形态,,0.49,0.61,7.7,8.6,拉特,2026-06-07T04:48:39Z,ok
NO.206,酷拉,拉特,妖精组,2.695,3.44,0.21,0.25,电,,电,最终形态,原始形态,,0.99,1.24,19.5,23.5,酷拉,2026-06-07T14:31:19Z,ok
NO.207,闪电环,闪电环,魔力组,0.84,1.24,0.16,0.19,电,,电,Ⅰ阶,原始形态,,0.37,0.46,2.4,3.1,闪电环,2026-06-07T14:32:44Z,ok
NO.208,刺电环,闪电环,魔力组,0.84,1.24,0.16,0.19,电,,电,Ⅱ阶,原始形态,,0.58,0.73,10.16,16.74,刺电环,2026-06-07T13:19:19Z,ok
NO.209,荆棘电环,闪电环,魔力组,0.84,1.24,0.16,0.19,电,,电,最终形态,原始形态,,0.78,0.98,29.5,34.3,荆棘电环,2026-06-07T14:11:22Z,ok
NO.210,小箱怪,小箱怪,妖精组、机械组,1.558,2.724,0.14,0.19,机械,幻,机械、幻,Ⅰ阶,原始形态,,0.34,0.46,4.45,6.81,小箱怪,2026-06-07T13:35:35Z,ok
NO.211,迷迷箱怪,小箱怪,妖精组、机械组,1.558,2.724,0.14,0.19,机械,幻,机械、幻,最终形态,原始形态,,0.64,0.72,18.02,24.4,迷迷箱怪,2026-06-07T14:16:16Z,ok
NO.212,古钟蛇（本来的样子）,古钟蛇（本来的样子）,两栖组、动物组,2.415,3.12,0.4,0.46,萌,毒,萌、毒,Ⅰ阶,原始形态,本来的样子,0.95,1.1,6.9,7.8,古钟蛇（本来的样子）,2026-06-07T16:33:11Z,ok
NO.213,寒音蛇（本来的样子）,古钟蛇（本来的样子）,两栖组、动物组,2.415,3.12,0.4,0.46,萌,毒,萌、毒,最终形态,原始形态,本来的样子,1.85,2,65,78,寒音蛇（本来的样子）,2026-06-07T16:33:17Z,ok
NO.214,矮脚爬爬,矮脚爬爬,巨灵组、昆虫组,1.155,1.68,0.12,0.18,虫,,虫,Ⅰ阶,原始形态,,0.28,0.44,3.3,4.2,矮脚爬爬,2026-06-07T14:06:38Z,ok
NO.215,恶魔红钻,矮脚爬爬,巨灵组、昆虫组,1.155,1.68,0.12,0.18,虫,恶,虫、恶,最终形态,原始形态,,1.32,1.55,42.5,62,恶魔红钻,2026-06-07T13:40:02Z,ok
NO.216,火尾瓦特,火尾瓦特,巨灵组,6.475,8.48,0.27,0.38,火,,火,Ⅰ阶,原始形态,,0.64,0.92,18.5,21.2,火尾瓦特,2026-06-07T14:02:03Z,ok
NO.217,火尾战士,火尾瓦特,巨灵组,6.475,8.48,0.27,0.38,火,,火,Ⅱ阶,原始形态,,0.76,1.09,48.5,58.6,火尾战士,2026-06-07T14:01:57Z,ok
NO.218,烈火守护,火尾瓦特,巨灵组,6.475,8.48,0.27,0.38,火,,火,最终形态,原始形态,,0.99,1.42,76.5,87.5,烈火守护,2026-06-07T14:03:35Z,ok
NO.219,里拉鳐,里拉鳐,妖精组、海洋组,13.51,19.8,0.4,0.46,水,,水,最终形态,原始形态,,0.94,1.1,38.6,49.5,里拉鳐,2026-06-07T14:31:21Z,ok
NO.220,海枝枝（碧蓝珊瑚）,海枝枝（碧蓝珊瑚）,植物组、海洋组,1.229,2.728,0.32,0.35,水,幽,水、幽,最终形态,原始形态,碧蓝珊瑚,0.75,0.85,3.51,6.82,海枝枝（碧蓝珊瑚）,2026-06-07T14:00:34Z,ok
NO.220,海枝枝（杏黄百合）,海枝枝（杏黄百合）,植物组、海洋组,1.229,2.728,0.32,0.35,水,幽,水、幽,最终形态,地区形态,杏黄百合,0.75,0.85,3.51,6.82,海枝枝（杏黄百合）,2026-06-07T14:00:30Z,ok
NO.220,海枝枝（洋红沙丁）,海枝枝（洋红沙丁）,植物组、海洋组,1.229,2.728,0.32,0.35,水,幽,水、幽,最终形态,地区形态,洋红沙丁,0.75,0.85,3.51,6.82,海枝枝（洋红沙丁）,2026-06-07T14:00:31Z,ok
NO.220,海枝枝（翠绿纶布）,海枝枝（翠绿纶布）,植物组、海洋组,1.229,2.728,0.32,0.35,水,幽,水、幽,最终形态,地区形态,翠绿纶布,0.75,0.85,3.51,6.82,海枝枝（翠绿纶布）,2026-06-07T14:00:55Z,ok
NO.221,多西,多西,巨灵组、机械组,1.995,2.84,0.28,0.39,机械,地,机械、地,Ⅰ阶,原始形态,,0.65,0.94,5.7,7.1,多西,2026-06-07T13:30:51Z,ok
NO.222,库多西,多西,巨灵组、机械组,1.995,2.84,0.28,0.39,机械,地,机械、地,Ⅱ阶,原始形态,,0.99,1.42,115.8,175.02,库多西,2026-06-07T13:39:42Z,ok
NO.223,波多西,多西,巨灵组、机械组,1.995,2.84,0.28,0.39,机械,地,机械、地,最终形态,原始形态,,1.43,2.05,265,295,波多西,2026-06-07T14:00:17Z,ok
NO.224,小翼龙,小翼龙,天空组、龙组,8.785,14.6,0.26,0.36,龙,翼,龙、翼,Ⅰ阶,原始形态,,0.61,0.87,25.1,36.5,小翼龙,2026-06-07T13:35:55Z,ok
NO.225,翼龙,小翼龙,天空组、龙组,8.785,14.6,0.26,0.36,龙,翼,龙、翼,最终形态,原始形态,,1.79,1.99,240,265,翼龙,2026-06-07T04:50:00Z,ok
NO.226,电动长颈鹿,电动长颈鹿,动物组,10.43,14.72,0.3,0.42,电,,电,Ⅰ阶,原始形态,,0.7,1,29.8,36.8,电动长颈鹿,2026-06-07T14:05:50Z,ok
NO.227,奔乐鹿,电动长颈鹿,动物组,10.43,14.72,0.3,0.42,电,,电,Ⅱ阶,原始形态,,0.85,1.22,68,77.5,奔乐鹿,2026-06-07T13:31:56Z,ok
NO.228,爵士鹿,电动长颈鹿,动物组,10.43,14.72,0.3,0.42,电,,电,最终形态,原始形态,,1.38,1.98,135,185.06,爵士鹿,2026-06-07T14:05:05Z,ok
NO.229,缇塔,缇塔,机械组,13.37,18.08,0.28,0.31,机械,,机械,Ⅰ阶,原始形态,,0.65,0.75,38.2,45.2,缇塔,2026-06-07T14:09:52Z,ok
NO.230,声波缇塔,缇塔,机械组,13.37,18.08,0.28,0.31,机械,,机械,最终形态,原始形态,,1.05,1.2,71.5,78.5,声波缇塔,2026-06-07T13:30:02Z,ok
NO.231,小鹬,小鹬,天空组,0.49,0.88,0.11,0.15,翼,,翼,Ⅰ阶,原始形态,,0.25,0.36,1.4,2.2,小鹬,2026-06-07T13:36:45Z,ok
NO.232,鄙目鹬,小鹬,天空组,0.49,0.88,0.11,0.15,翼,,翼,Ⅱ阶,原始形态,,0.67,0.96,6.75,8.9,鄙目鹬,2026-06-07T14:31:17Z,ok
NO.233,高脚鹬,小鹬,天空组,0.49,0.88,0.11,0.15,翼,,翼,最终形态,原始形态,,0.81,1.16,18,24.91,高脚鹬,2026-06-07T14:35:42Z,ok
NO.234,脆筒甜甜,脆筒甜甜,软体组、魔力组,0.63,1.52,0.13,0.17,冰,,冰,Ⅰ阶,原始形态,,0.3,0.4,1.8,3.8,脆筒甜甜,2026-06-07T14:10:06Z,ok
NO.235,香草甜甜,脆筒甜甜,软体组、魔力组,0.63,1.52,0.13,0.17,冰,,冰,Ⅱ阶,原始形态,,0.4,0.6,5.15,7.8,香草甜甜,2026-06-07T14:35:34Z,ok
NO.235,香草甜甜（杨桃饰品）,脆筒甜甜（杨桃饰品）,软体组、魔力组,0.63,1.52,0.13,0.17,冰,,冰,Ⅱ阶,地区形态,杨桃饰品,0.4,0.6,5.15,7.8,香草甜甜（杨桃饰品）,2026-06-07T14:35:40Z,ok
NO.235,香草甜甜（蓝莓饰品）,脆筒甜甜（蓝莓饰品）,软体组、魔力组,0.63,1.52,0.13,0.17,冰,,冰,Ⅱ阶,地区形态,蓝莓饰品,0.4,0.6,5.15,7.8,香草甜甜（蓝莓饰品）,2026-06-07T14:35:41Z,ok
NO.236,圣代甜甜,脆筒甜甜,软体组、魔力组,0.63,1.52,0.13,0.17,冰,,冰,最终形态,原始形态,,0.7,1,16.5,22.75,圣代甜甜,2026-06-07T13:27:05Z,ok
NO.236,圣代甜甜（樱桃草莓口味）,脆筒甜甜（樱桃草莓口味）,软体组、魔力组,0.63,1.52,0.13,0.17,冰,,冰,最终形态,地区形态,樱桃草莓口味,0.7,1,16.5,22.75,圣代甜甜（樱桃草莓口味）,2026-06-07T13:27:56Z,ok
NO.236,圣代甜甜（樱桃抹茶口味）,脆筒甜甜（樱桃抹茶口味）,软体组、魔力组,0.63,1.52,0.13,0.17,冰,,冰,最终形态,地区形态,樱桃抹茶口味,0.7,1,16.5,22.75,圣代甜甜（樱桃抹茶口味）,2026-06-07T13:27:47Z,ok
NO.236,圣代甜甜（蓝莓巧克力口味）,脆筒甜甜（蓝莓巧克力口味）,软体组、魔力组,0.63,1.52,0.13,0.17,冰,,冰,最终形态,地区形态,蓝莓巧克力口味,0.7,1,16.5,22.75,圣代甜甜（蓝莓巧克力口味）,2026-06-07T13:27:58Z,ok
NO.236,圣代甜甜（蓝莓草莓口味）,脆筒甜甜（蓝莓草莓口味）,软体组、魔力组,0.63,1.52,0.13,0.17,冰,,冰,最终形态,地区形态,蓝莓草莓口味,0.7,1,16.5,22.75,圣代甜甜（蓝莓草莓口味）,2026-06-07T13:28:21Z,ok
NO.236,圣代甜甜（蓝莓抹茶口味）,脆筒甜甜（蓝莓抹茶口味）,软体组、魔力组,0.63,1.52,0.13,0.17,冰,,冰,最终形态,地区形态,蓝莓抹茶口味,0.7,1,16.5,22.75,圣代甜甜（蓝莓抹茶口味）,2026-06-07T13:28:00Z,ok
NO.236,圣代甜甜（杨桃巧克力口味）,脆筒甜甜（杨桃巧克力口味）,软体组、魔力组,0.63,1.52,0.13,0.17,冰,,冰,最终形态,地区形态,杨桃巧克力口味,0.7,1,16.5,22.75,圣代甜甜（杨桃巧克力口味）,2026-06-07T13:27:05Z,ok
NO.236,圣代甜甜（杨桃草莓口味）,脆筒甜甜（杨桃草莓口味）,软体组、魔力组,0.63,1.52,0.13,0.17,冰,,冰,最终形态,地区形态,杨桃草莓口味,0.7,1,16.5,22.75,圣代甜甜（杨桃草莓口味）,2026-06-07T13:27:42Z,ok
NO.236,圣代甜甜（杨桃抹茶口味）,脆筒甜甜（杨桃抹茶口味）,软体组、魔力组,0.63,1.52,0.13,0.17,冰,,冰,最终形态,地区形态,杨桃抹茶口味,0.7,1,16.5,22.75,圣代甜甜（杨桃抹茶口味）,2026-06-07T13:27:36Z,ok
NO.237,刺轮砣（上弦的样子）,刺轮砣（上弦的样子）,海洋组,0.945,1.6,0.08,0.13,毒,萌,毒、萌,Ⅰ阶,原始形态,上弦的样子,0.18,0.31,2.7,4,刺轮砣（上弦的样子）,2026-06-07T13:19:21Z,ok
NO.237,刺轮砣（下弦的样子）,刺轮砣（下弦的样子）,海洋组,0.945,1.6,0.08,0.13,毒,萌,毒、萌,Ⅰ阶,地区形态,下弦的样子,0.18,0.31,2.7,4,刺轮砣（下弦的样子）,2026-06-07T13:19:27Z,ok
NO.238,月亮砣（上弦的样子）,刺轮砣（上弦的样子）,海洋组,0.945,1.6,0.08,0.13,毒,萌,毒、萌,最终形态,原始形态,上弦的样子,1.85,2.1,137.5,182.4,月亮砣（上弦的样子）,2026-06-07T13:55:23Z,ok
NO.238,月亮砣（下弦的样子）,刺轮砣（下弦的样子）,海洋组,0.945,1.6,0.08,0.13,毒,萌,毒、萌,最终形态,地区形态,下弦的样子,1.85,2.1,128,184.4,月亮砣（下弦的样子）,2026-06-07T13:55:24Z,ok
NO.239,豆丁鱼,豆丁鱼,海洋组、龙组,0.42,0.6,0.13,0.18,水,龙,水、龙,Ⅰ阶,原始形态,,0.31,0.44,1.2,3.4,豆丁鱼,2026-06-07T14:14:18Z,ok
NO.240,快鳍鱼,豆丁鱼,海洋组、龙组,0.42,0.6,0.13,0.18,水,龙,水、龙,Ⅱ阶,原始形态,,0.27,0.39,14.5,16.8,快鳍鱼,2026-06-07T13:39:44Z,ok
NO.241,龙鱼,豆丁鱼,海洋组、龙组,0.42,0.6,0.13,0.18,水,龙,水、龙,最终形态,原始形态,,0.69,0.99,39.5,44.5,龙鱼,2026-06-07T14:37:37Z,ok
NO.242,胆小鳗鱼,胆小鳗鱼,海洋组,6.125,10.74,0.31,0.44,电,水,电、水,Ⅰ阶,原始形态,,0.74,1.07,17.5,26.85,胆小鳗鱼,2026-06-07T14:10:04Z,ok
NO.243,闪电鳗鱼,胆小鳗鱼,海洋组,6.125,10.74,0.31,0.44,电,水,电、水,最终形态,原始形态,,0.83,1.19,68.9,76.5,闪电鳗鱼,2026-06-07T14:32:51Z,ok
NO.244,翡翠水母,翡翠水母,海洋组、软体组,11.025,14.72,0.21,0.29,水,毒,水、毒,Ⅰ阶,原始形态,,0.49,0.7,31.5,36.8,翡翠水母,2026-06-07T14:10:01Z,ok
NO.245,琉璃水母,翡翠水母,海洋组、软体组,11.025,14.72,0.21,0.29,水,毒,水、毒,最终形态,原始形态,,0.9,1.28,48,53,琉璃水母,2026-06-07T14:05:27Z,ok
NO.246,裘洛,裘洛,动物组、妖精组,2.625,5,0.3,0.42,毒,,毒,Ⅰ阶,原始形态,,0.7,1,7.5,12.5,裘洛,2026-06-07T14:13:58Z,ok
NO.247,裘力,裘洛,动物组、妖精组,2.625,5,0.3,0.42,毒,,毒,Ⅱ阶,原始形态,,0.81,1.16,14.07,18.02,裘力,2026-06-07T14:13:29Z,ok
NO.248,裘卡,裘洛,动物组、妖精组,2.625,5,0.3,0.42,毒,,毒,最终形态,原始形态,,1.25,1.79,49.5,58.6,裘卡,2026-06-07T14:13:45Z,ok
NO.249,可爱猿,可爱猿,巨灵组、拟人组,7.35,12.6,0.29,0.41,火,,火,Ⅰ阶,原始形态,,0.69,0.98,21,31.5,可爱猿,2026-06-07T13:23:52Z,ok
NO.250,炽热猿,可爱猿,巨灵组、拟人组,7.35,12.6,0.29,0.41,火,,火,Ⅱ阶,原始形态,,0.71,1.02,46.5,63.5,炽热猿,2026-06-07T14:03:04Z,ok
NO.251,火焰猿,可爱猿,巨灵组、拟人组,7.35,12.6,0.29,0.41,火,,火,最终形态,原始形态,,1.68,1.9,124.5,136.5,火焰猿,2026-06-07T14:02:05Z,ok
NO.252,布鲁斯,布鲁斯,海洋组、软体组,0.84,1.84,0.23,0.32,冰,,冰,Ⅰ阶,原始形态,,0.53,0.76,2.4,4.6,布鲁斯,2026-06-07T13:38:14Z,ok
NO.253,雪顶布鲁斯,布鲁斯,海洋组、软体组,0.84,1.84,0.23,0.32,冰,,冰,Ⅱ阶,原始形态,,0.58,0.83,12.8,15.6,雪顶布鲁斯,2026-06-07T14:34:27Z,ok
NO.254,冰钻布鲁斯,布鲁斯,海洋组、软体组,0.84,1.84,0.23,0.32,冰,,冰,最终形态,原始形态,,1.21,1.72,49.5,58.6,冰钻布鲁斯,2026-06-07T13:18:47Z,ok
NO.255,治愈兔,治愈兔,动物组、妖精组,4.211,5.768,0.24,0.34,火,萌,火、萌,Ⅰ阶,原始形态,,0.57,0.82,12.03,14.42,治愈兔,2026-06-07T14:00:12Z,ok
NO.256,红丝绒,治愈兔,动物组、妖精组,4.211,5.768,0.24,0.34,火,萌,火、萌,Ⅱ阶,原始形态,,0.68,0.97,22.4,28.6,红丝绒,2026-06-07T14:09:03Z,ok
NO.257,红绒十字,治愈兔,动物组、妖精组,4.211,5.768,0.24,0.34,火,萌,火、萌,最终形态,原始形态,,1.04,1.49,32.5,36.8,红绒十字,2026-06-07T14:09:11Z,ok
NO.258,乌达（极昼的样子）,乌达（极昼的样子）,巨灵组,1.61,2.44,0.19,0.24,恶,火,恶、火,Ⅰ阶,原始形态,极昼的样子,0.44,0.58,4.6,6.1,乌达（极昼的样子）,2026-06-07T13:16:00Z,ok
NO.258,乌达（极夜的样子）,乌达（极夜的样子）,巨灵组,1.61,2.44,0.19,0.24,恶,冰,恶、冰,Ⅰ阶,地区形态,极夜的样子,0.44,0.58,4.6,6.1,乌达（极夜的样子）,2026-06-07T13:15:59Z,ok
NO.259,迷你乌（极昼的样子）,乌达（极昼的样子）,巨灵组,1.61,2.44,0.19,0.24,恶,火,恶、火,Ⅱ阶,原始形态,极昼的样子,0.97,1.2,27.9,39.1,迷你乌（极昼的样子）,2026-06-07T14:15:51Z,ok
NO.259,迷你乌（极夜的样子）,乌达（极夜的样子）,巨灵组,1.61,2.44,0.19,0.24,恶,冰,恶、冰,Ⅱ阶,地区形态,极夜的样子,0.97,1.2,27.9,39.1,迷你乌（极夜的样子）,2026-06-07T14:15:44Z,ok
NO.260,乌拉塔（极昼的样子）,乌达（极昼的样子）,巨灵组,1.61,2.44,0.19,0.24,恶,火,恶、火,最终形态,原始形态,极昼的样子,1.85,2.1,48.8,63.29,乌拉塔（极昼的样子）,2026-06-07T13:15:55Z,ok
NO.260,乌拉塔（极夜的样子）,乌达（极夜的样子）,巨灵组,1.61,2.44,0.19,0.24,恶,冰,恶、冰,最终形态,地区形态,极夜的样子,1.85,2.1,48.8,63.29,乌拉塔（极夜的样子）,2026-06-07T13:15:50Z,ok
NO.261,螺旋帕帕,螺旋帕帕,天空组、机械组,0.728,1.74,0.15,0.19,机械,翼,机械、翼,Ⅰ阶,原始形态,,0.35,0.45,2.08,4.35,螺旋帕帕,2026-06-07T14:13:26Z,ok
NO.262,帕帕斯卡,螺旋帕帕,天空组、机械组,0.728,1.74,0.15,0.19,机械,翼,机械、翼,最终形态,原始形态,,1.05,1.47,48.7,60.1,帕帕斯卡,2026-06-07T13:38:46Z,ok
NO.263,机械方方,机械方方,拟人组、机械组,2.8,4.4,0.18,0.25,机械,,机械,Ⅰ阶,原始形态,,0.42,0.6,8,11,机械方方,2026-06-07T13:55:35Z,ok
NO.264,多彩方方,机械方方,拟人组、机械组,2.8,4.4,0.18,0.25,机械,,机械,Ⅱ阶,原始形态,,0.68,0.97,23.77,34.6,多彩方方,2026-06-07T13:30:36Z,ok
NO.265,立方人,机械方方,拟人组、机械组,2.8,4.4,0.18,0.25,机械,,机械,最终形态,原始形态,,1.78,2.01,106.5,139.07,立方人,2026-06-07T14:08:20Z,ok
NO.266,可立鸡,可立鸡,天空组、拟人组,1.61,2.96,0.17,0.23,火,,火,Ⅰ阶,原始形态,,0.39,0.56,4.6,7.4,可立鸡,2026-06-07T13:23:54Z,ok
NO.267,晕晕鸡,可立鸡,天空组、拟人组,1.61,2.96,0.17,0.23,火,,火,Ⅱ阶,原始形态,,0.68,0.91,12.03,18.06,晕晕鸡,2026-06-07T13:40:57Z,ok
NO.268,绅士鸡,可立鸡,天空组、拟人组,1.61,2.96,0.17,0.23,火,武,火、武,最终形态,原始形态,,1.31,1.87,46.8,58.2,绅士鸡,2026-06-07T14:09:17Z,ok
NO.269,武者鸡,可立鸡,天空组、拟人组,1.61,2.96,0.17,0.23,火,武,火、武,最终形态,原始形态,,1.46,2.09,46.8,58.2,武者鸡,2026-06-07T13:59:32Z,ok
NO.270,优优,优优,动物组,1.061,1.64,0.16,0.23,地,光,地、光,Ⅰ阶,原始形态,,0.38,0.56,3.03,4.1,优优,2026-06-07T13:17:27Z,ok
NO.271,绒光优优,优优,动物组,1.061,1.64,0.16,0.23,地,光,地、光,最终形态,原始形态,,0.69,0.85,13.5,19.6,绒光优优,2026-06-07T14:09:29Z,ok
NO.272,噼啪鸟,噼啪鸟,天空组、巨灵组,31.325,51,0.85,0.89,电,翼,电、翼,最终形态,原始形态,,2,2.15,89.5,127.5,噼啪鸟,2026-06-07T13:26:43Z,ok
NO.273,深蓝鲸,深蓝鲸,巨灵组、海洋组,225.75,280,0.85,1.1,水,,水,最终形态,原始形态,,2,2.65,645,700,深蓝鲸,2026-06-07T14:01:38Z,ok
NO.274,格兰种子,格兰种子,妖精组、植物组,1.225,2.16,0.17,0.24,草,,草,Ⅰ阶,原始形态,,0.4,0.57,3.5,5.4,格兰种子,2026-06-07T13:56:59Z,ok
NO.275,格兰花,格兰种子,妖精组、植物组,1.225,2.16,0.17,0.24,草,,草,Ⅱ阶,原始形态,,0.48,0.68,6.5,7.8,格兰花,2026-06-07T13:57:17Z,ok
NO.276,格兰球,格兰种子,妖精组、植物组,1.225,2.16,0.17,0.24,草,,草,最终形态,原始形态,,0.81,1.16,12.5,16.5,格兰球,2026-06-07T13:56:58Z,ok
NO.277,地鼠（枯水期的样子）,地鼠（枯水期的样子）,动物组,0.63,0.96,0.2,0.27,地,,地,Ⅰ阶,原始形态,枯水期的样子,0.46,0.66,1.8,2.85,地鼠（枯水期的样子）,2026-06-07T13:29:32Z,ok
NO.277,地鼠（储水期的样子）,地鼠（储水期的样子）,动物组,1.33,2.052,0.2,0.27,地,,地,Ⅰ阶,地区形态,储水期的样子,0.46,0.66,3.8,5.13,地鼠（储水期的样子）,2026-06-07T16:25:24Z,ok
NO.278,遁鼠（枯水期的样子）,地鼠（枯水期的样子）,动物组,0.63,0.96,0.2,0.27,地,,地,Ⅱ阶,原始形态,枯水期的样子,0.48,0.69,3.4,4.8,遁鼠（枯水期的样子）,2026-06-07T14:31:12Z,ok
NO.278,遁鼠（储水期的样子）,地鼠（储水期的样子）,动物组,1.33,2.052,0.2,0.27,地,,地,Ⅱ阶,地区形态,储水期的样子,0.48,0.69,5.42,6.82,遁鼠（储水期的样子）,2026-06-07T16:26:47Z,ok
NO.279,遁地鼠（枯水期的样子）,地鼠（枯水期的样子）,动物组,0.63,0.96,0.2,0.27,地,,地,最终形态,原始形态,枯水期的样子,0.64,0.92,6.4,7.5,遁地鼠（枯水期的样子）,2026-06-07T14:31:10Z,ok
NO.279,遁地鼠（储水期的样子）,地鼠（储水期的样子）,动物组,1.33,2.052,0.2,0.27,地,,地,最终形态,地区形态,储水期的样子,0.64,0.92,9.4,11.5,遁地鼠（储水期的样子）,2026-06-07T16:26:07Z,ok
NO.280,墨鱿士,墨鱿士,海洋组、软体组,1.138,2.008,0.15,0.19,幽,,幽,Ⅰ阶,原始形态,,0.35,0.46,3.25,5.02,墨鱿士,2026-06-07T13:29:57Z,ok
NO.281,混乱鱿彩,墨鱿士,海洋组、软体组,1.138,2.008,0.15,0.19,幽,恶,幽、恶,最终形态,原始形态,,1.36,1.54,36.9,48.2,混乱鱿彩,2026-06-05T12:45:47Z,ok
NO.282,秩序鱿墨,墨鱿士,海洋组、软体组,1.138,2.008,0.15,0.19,幽,萌,幽、萌,最终形态,原始形态,,1.59,1.72,45.6,60.1,秩序鱿墨,2026-06-07T14:07:51Z,ok
NO.283,小甲虫,小甲虫,天空组、昆虫组,2.275,3.36,0.2,0.28,虫,,虫,Ⅰ阶,原始形态,,0.48,0.68,6.5,8.4,小甲虫,2026-06-07T13:35:30Z,ok
NO.284,铠甲虫,小甲虫,天空组、昆虫组,2.275,3.36,0.2,0.28,虫,,虫,最终形态,原始形态,,1.17,1.68,83,96,铠甲虫,2026-06-07T14:32:08Z,ok
NO.285,圣剑侍从,圣剑侍从,巨灵组、机械组,40.495,69.44,0.4,0.49,机械,,机械,Ⅰ阶,原始形态,,0.94,1.18,115.7,173.6,圣剑侍从,2026-06-07T13:28:29Z,ok
NO.286,圣剑-X,圣剑侍从,巨灵组、机械组,40.495,69.44,0.4,0.49,机械,,机械,最终形态,原始形态,,1.83,2.07,481,658,圣剑-X,2026-06-07T13:28:28Z,ok
NO.287,吸泥鸥,吸泥鸥,两栖组、天空组,3.325,5,0.23,0.29,地,翼,地、翼,Ⅰ阶,原始形态,,0.55,0.71,9.5,12.5,吸泥鸥,2026-06-07T13:24:16Z,ok
NO.288,泥吼牙,吸泥鸥,两栖组、天空组,3.325,5,0.23,0.29,地,翼,地、翼,最终形态,原始形态,,1.05,1.45,21.5,32.5,泥吼牙,2026-06-07T14:00:29Z,ok
NO.289,大头骨龙,大头骨龙,巨灵组、龙组,6.51,13.4,0.36,0.42,龙,幽,龙、幽,Ⅰ阶,原始形态,,0.85,1,18.6,33.5,大头骨龙,2026-06-07T13:31:09Z,ok
NO.290,寂灭骨龙,大头骨龙,巨灵组、龙组,6.51,13.4,0.36,0.42,龙,幽,龙、幽,最终形态,原始形态,,2.25,2.45,85.7,105,寂灭骨龙,2026-06-07T13:33:34Z,ok
NO.291,厉毒小萝,厉毒小萝,天空组、拟人组,3.056,5.968,0.23,0.27,毒,恶,毒、恶,Ⅰ阶,原始形态,,0.55,0.65,8.73,14.92,厉毒小萝,2026-06-07T13:23:02Z,ok
NO.292,厉毒修萝,厉毒小萝,天空组、拟人组,3.056,5.968,0.23,0.27,毒,恶,毒、恶,最终形态,原始形态,,1.45,1.55,33.75,41.6,厉毒修萝,2026-06-07T13:23:01Z,ok
NO.296,毛头小蛛,毛头小蛛,妖精组、昆虫组,0.333,0.62,0.13,0.19,虫,地,虫、地,Ⅰ阶,原始形态,,0.3,0.45,0.95,2,毛头小蛛,2026-06-07T13:59:34Z,ok
NO.297,捕尘长绒,毛头小蛛,妖精组、昆虫组,0.333,0.62,0.13,0.19,虫,地,虫、地,最终形态,原始形态,,1.15,1.45,2.35,4.19,捕尘长绒,2026-06-07T13:40:15Z,ok
NO.298,食尘短绒,毛头小蛛,妖精组、昆虫组,0.333,0.62,0.13,0.19,虫,地,虫、地,最终形态,原始形态,,0.76,0.9,2.65,5.15,食尘短绒,2026-06-19T16:40:22Z,ok
NO.299,画精灵,画精灵,妖精组、巨灵组,0.347,0.608,0.12,0.16,普通,,普通,Ⅰ阶,原始形态,,0.28,0.38,0.99,2.21,画精灵,2026-06-07T14:06:04Z,ok
NO.300,画像守护,画精灵,妖精组、巨灵组,0.347,0.608,0.12,0.16,普通,,普通,Ⅱ阶,原始形态,,0.49,0.6,5.85,6.9,画像守护,2026-06-07T14:06:03Z,ok
NO.301,画间法师手,画精灵,妖精组、巨灵组,0.347,0.608,0.12,0.16,普通,幻,普通、幻,最终形态,原始形态,,2.08,2.45,46.05,58.1,画间法师手,2026-06-07T14:06:14Z,ok
NO.302,画间沉铁兽,画精灵,妖精组、巨灵组,0.347,0.608,0.12,0.16,普通,武,普通、武,最终形态,原始形态,,1.75,1.92,75.7,88.02,画间沉铁兽,2026-06-16T08:42:59Z,ok
NO.303,书魔虫,书魔虫,妖精组、巨灵组,0.798,1.544,0.13,0.17,普通,,普通,Ⅰ阶,原始形态,,0.3,0.41,2.28,3.86,书魔虫,2026-06-07T13:16:44Z,ok
NO.304,书卷守护,书魔虫,妖精组、巨灵组,0.798,1.544,0.13,0.17,普通,,普通,Ⅱ阶,原始形态,,0.82,1.01,9.8,14.8,书卷守护,2026-06-07T13:16:37Z,ok
NO.305,古卷执政官,书魔虫,妖精组、巨灵组,0.798,1.544,0.13,0.17,普通,幻,普通、幻,最终形态,原始形态,,1.91,2.21,98.8,135.5,古卷执政官,2026-06-07T13:23:15Z,ok
NO.306,古卷匣魔像,书魔虫,妖精组、巨灵组,0.798,1.544,0.13,0.17,普通,武,普通、武,最终形态,原始形态,,1.87,2.15,119.5,180.5,古卷匣魔像,2026-06-07T13:23:09Z,ok
NO.313,果冻,果冻,海洋组、魔力组,1.523,2.24,0.13,0.15,水,,水,Ⅰ阶,原始形态,,0.3,0.36,4.35,5.6,果冻,2026-06-07T13:56:44Z,ok
NO.314,抹茶布丁,果冻,海洋组、魔力组,1.523,2.24,0.13,0.15,水,草,水、草,最终形态,原始形态,,0.39,0.51,6.21,7.9,抹茶布丁,2026-06-07T13:40:11Z,ok
NO.315,椰浆布丁,果冻,海洋组,1.523,2.24,0.13,0.15,水,冰,水、冰,最终形态,原始形态,,0.39,0.51,6.21,7.9,椰浆布丁,2026-06-07T13:59:24Z,ok
NO.316,熔岩布丁,果冻,海洋组,1.523,2.24,0.13,0.15,水,火,水、火,最终形态,原始形态,,0.39,0.51,6.21,7.9,熔岩布丁,2026-06-07T14:04:16Z,ok
NO.317,星尘虫,星尘虫,昆虫组,0.263,0.34,0.06,0.08,虫,,虫,Ⅰ阶,原始形态,,0.15,0.2,0.45,1.4,星尘虫,2026-06-07T04:06:12Z,ok
NO.318,落星虫,星尘虫,昆虫组,0.263,0.34,0.06,0.08,虫,,虫,Ⅱ阶,原始形态,,0.35,0.4,1.25,2.25,落星虫,2026-06-07T16:19:28Z,ok
NO.319,陨星虫,星尘虫,昆虫组,0.263,0.34,0.06,0.08,虫,,虫,最终形态,原始形态,,0.65,0.8,5.6,6.8,陨星虫,2026-06-07T16:19:41Z,ok
NO.320,双灯鱼,双灯鱼,海洋组,5.215,7.12,0.21,0.3,水,电,水、电,Ⅰ阶,原始形态,,0.5,0.72,14.9,17.8,双灯鱼,2026-06-07T13:23:05Z,ok
NO.321,利灯鱼,双灯鱼,海洋组,5.215,7.12,0.21,0.3,水,电,水、电,最终形态,原始形态,,0.62,0.89,26.8,31.5,利灯鱼,2026-06-07T13:19:16Z,ok
NO.322,月牙雪熊,月牙雪熊,动物组、巨灵组,26.775,37,0.53,0.6,冰,幻,冰、幻,最终形态,原始形态,,1.25,1.45,76.5,92.5,月牙雪熊,2026-06-07T13:55:33Z,ok
NO.323,嗜光嗡嗡,嗜光嗡嗡,昆虫组,0.511,1.22,0.1,0.13,恶,光,恶、光,Ⅰ阶,原始形态,,0.24,0.32,1.46,3.05,嗜光嗡嗡,2026-06-07T13:26:06Z,ok
NO.324,窃光蚊,嗜光嗡嗡,昆虫组,0.511,1.22,0.1,0.13,恶,光,恶、光,最终形态,原始形态,,0.53,0.66,7.05,9.62,窃光蚊,2026-06-07T14:08:04Z,ok
NO.325,柴渣虫,柴渣虫,昆虫组、植物组,5.075,7.44,0.19,0.23,火,草,火、草,Ⅰ阶,原始形态,,0.45,0.55,14.5,18.6,柴渣虫,2026-06-07T13:56:46Z,ok
NO.326,燃薪虫,柴渣虫,昆虫组、植物组,5.075,7.44,0.19,0.23,火,草,火、草,最终形态,原始形态,,1.1,1.25,72.5,87.5,燃薪虫,2026-06-07T14:04:40Z,ok
NO.327,空空颅,空空颅,巨灵组、魔力组,1.96,3.48,0.18,0.25,幽,,幽,Ⅰ阶,原始形态,,0.43,0.61,5.6,8.7,空空颅,2026-06-07T14:07:51Z,ok
NO.328,夜宿颅,空空颅,巨灵组、魔力组,1.96,3.48,0.18,0.25,幽,,幽,Ⅱ阶,原始形态,,0.82,1.18,27.6,34.3,夜宿颅,2026-06-07T13:30:55Z,ok
NO.329,夜枭,空空颅,巨灵组、魔力组,1.96,3.48,0.18,0.25,幽,,幽,最终形态,原始形态,,1.45,2.07,58.6,66.5,夜枭,2026-06-07T13:31:00Z,ok
NO.330,粉粉星,粉粉星,妖精组、软体组,0.735,1.2,0.23,0.32,电,幻,电、幻,Ⅰ阶,原始形态,,0.53,0.76,2.1,3,粉粉星,2026-06-07T14:08:44Z,ok
NO.331,小皮球,粉粉星,妖精组、软体组,0.735,1.2,0.23,0.32,电,幻,电、幻,最终形态,原始形态,,0.7,1,6.4,8.12,小皮球,2026-06-07T13:35:34Z,ok
NO.332,贝瑟,贝瑟,机械组,8.575,13.84,0.24,0.34,机械,火,机械、火,Ⅰ阶,原始形态,,0.57,0.82,24.5,34.6,贝瑟,2026-06-07T14:14:37Z,ok
NO.333,贝加尔,贝瑟,机械组,8.575,13.84,0.24,0.34,机械,火,机械、火,Ⅱ阶,原始形态,,0.9,1.2,87.6,97.5,贝加尔,2026-06-07T14:14:32Z,ok
NO.334,贝古斯,贝瑟,机械组,8.575,13.84,0.24,0.34,机械,火,机械、火,最终形态,原始形态,,1.55,1.8,248,286,贝古斯,2026-06-07T14:14:34Z,ok
NO.335,粉星仔,粉星仔,天空组、妖精组,3.43,5.12,0.17,0.21,幻,,幻,Ⅰ阶,原始形态,,0.39,0.5,9.8,12.8,粉星仔,2026-06-07T14:08:36Z,ok
NO.336,粉耳星兔,粉星仔,天空组、妖精组,3.43,5.12,0.17,0.21,幻,,幻,最终形态,原始形态,,0.55,0.75,16.82,23.81,粉耳星兔,2026-06-07T14:08:44Z,ok
NO.337,落陨星兔,粉星仔,天空组、妖精组,3.43,5.12,0.17,0.21,幻,幽,幻、幽,最终形态,原始形态,,0.55,0.75,16.82,23.81,落陨星兔,2026-06-07T14:12:01Z,ok
NO.338,布瓜蝌,布瓜蝌,两栖组,0.298,0.42,0.14,0.21,幻,,幻,Ⅰ阶,原始形态,,0.32,0.51,0.45,1.65,布瓜蝌,2026-06-07T13:38:10Z,ok
NO.339,上岸蛙,布瓜蝌,两栖组,0.298,0.42,0.14,0.21,幻,,幻,最终形态,原始形态,,0.65,0.87,5.8,8.1,上岸蛙,2026-06-07T13:14:57Z,ok
NO.340,火红尾,火红尾,动物组,8.016,15.92,0.4,0.61,火,,火,Ⅰ阶,原始形态,,0.72,0.98,17.5,30.5,火红尾,2026-06-07T14:02:24Z,ok
NO.341,雅丹鬃,火红尾,动物组,8.016,15.92,0.4,0.61,火,,火,最终形态,原始形态,,1.7,2.06,49.5,71.2,雅丹鬃,2026-06-07T14:33:19Z,ok
NO.342,春团,春团,动物组、妖精组,0.735,1.44,0.15,0.21,草,,草,Ⅰ阶,原始形态,,0.35,0.51,2.1,3.6,春团,2026-06-07T13:40:55Z,ok
NO.343,春兔,春团,动物组、妖精组,0.735,1.44,0.15,0.21,草,,草,Ⅱ阶,原始形态,,0.61,0.87,6.8,8.5,春兔,2026-06-07T13:40:46Z,ok
NO.344,春花兔,春团,动物组、妖精组,0.735,1.44,0.15,0.21,草,,草,最终形态,原始形态,,0.85,1.15,18.5,33.5,春花兔,2026-06-07T13:40:56Z,ok
NO.345,幽星光,幽星光,妖精组、巨灵组,0.21,0.48,0.17,0.23,幻,,幻,Ⅰ阶,原始形态,,0.4,0.55,0.6,1.65,幽星光,2026-06-07T13:39:38Z,ok
NO.346,曜星光,幽星光,妖精组、巨灵组,0.21,0.48,0.17,0.23,幻,翼,幻、翼,Ⅱ阶,原始形态,,0.88,1.05,3,4.5,曜星光,2026-06-07T13:54:57Z,ok
NO.347,暮星辰,幽星光,妖精组、巨灵组,0.21,0.48,0.17,0.23,幻,翼,幻、翼,最终形态,原始形态,,1.85,2.05,7.5,10.5,暮星辰,2026-06-07T13:54:55Z,ok
NO.358,猴麦仔,猴麦仔,动物组、机械组,2.94,7.04,0.24,0.33,普通,机械,普通、机械,I阶,原始形态,,0.57,0.79,8.4,17.6,猴麦仔,2026-06-07T14:05:17Z,ok
NO.359,音碟吼,猴麦仔,动物组、机械组,2.94,7.04,0.24,0.33,普通,机械,普通、机械,最终形态,原始形态,,0.77,1.08,23.1,40.8,音碟吼,2026-06-07T14:34:59Z,ok
NO.360,加油海葵,加油海葵,两栖组、妖精组,1.015,1.66,0.15,0.2,水,萌,水、萌,I阶,原始形态,,0.35,0.47,2.9,4.15,加油海葵,2026-06-06T19:59:21Z,ok
NO.361,加油蟹,加油海葵,两栖组、妖精组,1.015,1.66,0.15,0.2,水,萌,水、萌,最终形态,原始形态,,0.51,0.78,6.75,11.7,加油蟹,2026-06-03T13:25:20Z,ok
NO.362,小丑豆豆,小丑豆豆,妖精组、拟人组,1.698,2.54,0.2,0.27,恶,,恶,I阶,原始形态,,0.48,0.65,4.85,6.35,小丑豆豆,2026-06-02T08:46:16Z,ok
NO.363,小丑兔,小丑豆豆,妖精组、拟人组,1.698,2.54,0.2,0.27,恶,,恶,II阶,原始形态,,0.78,0.96,11.75,14.75,小丑兔,2026-06-02T08:46:41Z,ok
NO.364,小丑公爵,小丑豆豆,妖精组、拟人组,1.698,2.54,0.2,0.27,恶,,恶,最终形态,原始形态,,1.24,1.63,38.5,47.6,小丑公爵,2026-06-02T08:47:24Z,ok
NO.365,烟花团,烟花团,机械组、魔力组,1.768,2.528,0.14,0.21,火,毒,火、毒,I阶,原始形态,,0.33,0.5,5.05,6.32,烟花团,2026-06-07T14:04:04Z,ok
NO.366,烟花伯爵,烟花团,机械组、魔力组,1.768,2.528,0.14,0.21,火,毒,火、毒,最终形态,原始形态,,0.6,0.88,10.5,22.5,烟花伯爵,2026-06-03T13:44:02Z,ok
NO.367,咕咕帽,咕咕帽,妖精组,0.763,2.304,0.16,0.23,幽,,幽,I阶,原始形态,,0.38,0.55,2.18,5.76,咕咕帽,2026-06-07T13:25:48Z,ok
NO.368,咕德帽帽,咕咕帽,妖精组,0.763,2.304,0.16,0.23,幽,,幽,最终形态,原始形态,,0.69,0.96,7.68,14.3,咕德帽帽,2026-06-07T13:25:51Z,ok
NO.369,炫光迪迪,炫光迪迪,动物组、大地组,9.1,14.84,0.2,0.28,电,光,电、光,I阶,原始形态,,0.47,0.68,26,37.1,炫光迪迪,2026-05-31T12:33:32Z,ok
NO.370,霹雳迪迪,炫光迪迪,动物组、大地组,9.1,14.84,0.2,0.28,电,光,电、光,最终形态,原始形态,,1.6,1.87,66.8,89.3,霹雳迪迪,2026-05-31T12:31:28Z,ok
NO.371,小鼓象,小鼓象,动物组、机械组,1.806,3.32,0.27,0.34,机械,,机械,I阶,原始形态,,0.64,0.83,5.16,8.3,小鼓象,2026-06-07T13:36:52Z,ok
NO.372,巨鼓象,小鼓象,动物组、机械组,1.806,3.32,0.27,0.34,机械,,机械,最终形态,原始形态,,0.93,1.2,35.6,59.1,巨鼓象,2026-06-07T13:37:44Z,ok
NO.373,牵线木偶,牵线木偶,妖精组、拟人组,2.09,3.48,0.27,0.38,幻,,幻,I阶,原始形态,,0.63,0.91,5.97,8.7,牵线木偶,2026-06-04T07:29:34Z,ok
NO.374,帅帅魔偶,牵线木偶,妖精组、拟人组,2.09,3.48,0.27,0.38,幻,,幻,最终形态,原始形态,,0.89,1.27,15.1,21.2,帅帅魔偶,2026-06-07T13:38:21Z,ok
